drug_name,excp_name,excp_drug_ratio,class
Sorafenib,Glycyrrhizin,4.0,1
Sorafenib,Glycyrrhizin,2.0,1
Sorafenib,Glycyrrhizin,1.0,1
Sorafenib,Glycyrrhizin,0.5,1
Sorafenib,Glycyrrhizin,0.25,1
Sorafenib,congo_red,4.0,0
Sorafenib,congo_red,2.0,1
Sorafenib,congo_red,1.0,1
Sorafenib,congo_red,0.5,1
Sorafenib,congo_red,0.25,1
Sorafenib,cholic_acid,4.0,1
Sorafenib,cholic_acid,2.0,1
Sorafenib,cholic_acid,1.0,1
Sorafenib,cholic_acid,0.5,1
Sorafenib,cholic_acid,0.25,0
Sorafenib,glycocholic_acid,4.0,0
Sorafenib,glycocholic_acid,2.0,0
Sorafenib,glycocholic_acid,1.0,0
Sorafenib,glycocholic_acid,0.5,0
Sorafenib,glycocholic_acid,0.25,0
Sorafenib,taurocholic acid,4.0,1
Sorafenib,taurocholic acid,2.0,1
Sorafenib,taurocholic acid,1.0,1
Sorafenib,taurocholic acid,0.5,1
Sorafenib,taurocholic acid,0.25,1
Sorafenib,prednisone,4.0,0
Sorafenib,prednisone,2.0,0
Sorafenib,prednisone,1.0,0
Sorafenib,prednisone,0.5,0
Sorafenib,prednisone,0.25,0
Sorafenib,budesonide,4.0,0
Sorafenib,budesonide,2.0,0
Sorafenib,budesonide,1.0,0
Sorafenib,budesonide,0.5,0
Sorafenib,budesonide,0.25,0
Sorafenib,ursodiol,4.0,1
Sorafenib,ursodiol,2.0,1
Sorafenib,ursodiol,1.0,1
Sorafenib,ursodiol,0.5,1
Sorafenib,ursodiol,0.25,0
Sorafenib,EvansBlue,4.0,1
Sorafenib,EvansBlue,2.0,1
Sorafenib,EvansBlue,1.0,1
Sorafenib,EvansBlue,0.5,1
Sorafenib,EvansBlue,0.25,1
Sorafenib,tannic_acid,4.0,0
Sorafenib,tannic_acid,2.0,1
Sorafenib,tannic_acid,1.0,1
Sorafenib,tannic_acid,0.5,1
Sorafenib,tannic_acid,0.25,1
Sorafenib,candesartan_cilexetil,4.0,1
Sorafenib,candesartan_cilexetil,2.0,1
Sorafenib,candesartan_cilexetil,1.0,1
Sorafenib,candesartan_cilexetil,0.5,1
Sorafenib,candesartan_cilexetil,0.25,1
Sorafenib,indomethacin,4.0,1
Sorafenib,indomethacin,2.0,1
Sorafenib,indomethacin,1.0,1
Sorafenib,indomethacin,0.5,1
Sorafenib,indomethacin,0.25,0
Sorafenib,folic acid,4.0,0
Sorafenib,folic acid,2.0,0
Sorafenib,folic acid,1.0,0
Sorafenib,folic acid,0.5,0
Sorafenib,folic acid,0.25,0
Sorafenib,neotame,4.0,0
Sorafenib,neotame,2.0,0
Sorafenib,neotame,1.0,0
Sorafenib,neotame,0.5,0
Sorafenib,neotame,0.25,0
Sorafenib,octyl_gallate,4.0,0
Sorafenib,octyl_gallate,2.0,0
Sorafenib,octyl_gallate,1.0,0
Sorafenib,octyl_gallate,0.5,0
Sorafenib,octyl_gallate,0.25,0
Fulvestrant,Glycyrrhizin,4.0,1
Fulvestrant,Glycyrrhizin,2.0,1
Fulvestrant,Glycyrrhizin,1.0,1
Fulvestrant,Glycyrrhizin,0.5,1
Fulvestrant,Glycyrrhizin,0.25,1
Fulvestrant,congo_red,4.0,1
Fulvestrant,congo_red,2.0,1
Fulvestrant,congo_red,1.0,1
Fulvestrant,congo_red,0.5,1
Fulvestrant,congo_red,0.25,1
Fulvestrant,cholic_acid,4.0,0
Fulvestrant,cholic_acid,2.0,1
Fulvestrant,cholic_acid,1.0,1
Fulvestrant,cholic_acid,0.5,1
Fulvestrant,cholic_acid,0.25,0
Fulvestrant,glycocholic_acid,4.0,0
Fulvestrant,glycocholic_acid,2.0,0
Fulvestrant,glycocholic_acid,1.0,0
Fulvestrant,glycocholic_acid,0.5,0
Fulvestrant,glycocholic_acid,0.25,0
Fulvestrant,taurocholic acid,4.0,1
Fulvestrant,taurocholic acid,2.0,1
Fulvestrant,taurocholic acid,1.0,1
Fulvestrant,taurocholic acid,0.5,1
Fulvestrant,taurocholic acid,0.25,1
Fulvestrant,prednisone,4.0,0
Fulvestrant,prednisone,2.0,0
Fulvestrant,prednisone,1.0,0
Fulvestrant,prednisone,0.5,0
Fulvestrant,prednisone,0.25,0
Fulvestrant,budesonide,4.0,0
Fulvestrant,budesonide,2.0,0
Fulvestrant,budesonide,1.0,0
Fulvestrant,budesonide,0.5,0
Fulvestrant,budesonide,0.25,0
Fulvestrant,ursodiol,4.0,1
Fulvestrant,ursodiol,2.0,1
Fulvestrant,ursodiol,1.0,0
Fulvestrant,ursodiol,0.5,0
Fulvestrant,ursodiol,0.25,0
Fulvestrant,EvansBlue,4.0,1
Fulvestrant,EvansBlue,2.0,1
Fulvestrant,EvansBlue,1.0,1
Fulvestrant,EvansBlue,0.5,1
Fulvestrant,EvansBlue,0.25,1
Fulvestrant,tannic_acid,4.0,0
Fulvestrant,tannic_acid,2.0,1
Fulvestrant,tannic_acid,1.0,1
Fulvestrant,tannic_acid,0.5,1
Fulvestrant,tannic_acid,0.25,1
Fulvestrant,candesartan_cilexetil,4.0,1
Fulvestrant,candesartan_cilexetil,2.0,1
Fulvestrant,candesartan_cilexetil,1.0,1
Fulvestrant,candesartan_cilexetil,0.5,1
Fulvestrant,candesartan_cilexetil,0.25,1
Fulvestrant,indomethacin,4.0,1
Fulvestrant,indomethacin,2.0,1
Fulvestrant,indomethacin,1.0,1
Fulvestrant,indomethacin,0.5,0
Fulvestrant,indomethacin,0.25,0
Fulvestrant,folic acid,4.0,0
Fulvestrant,folic acid,2.0,0
Fulvestrant,folic acid,1.0,0
Fulvestrant,folic acid,0.5,0
Fulvestrant,folic acid,0.25,0
Fulvestrant,neotame,4.0,0
Fulvestrant,neotame,2.0,0
Fulvestrant,neotame,1.0,0
Fulvestrant,neotame,0.5,0
Fulvestrant,neotame,0.25,0
Fulvestrant,octyl_gallate,4.0,0
Fulvestrant,octyl_gallate,2.0,0
Fulvestrant,octyl_gallate,1.0,0
Fulvestrant,octyl_gallate,0.5,0
Fulvestrant,octyl_gallate,0.25,0
Lapatinib,Glycyrrhizin,4.0,1
Lapatinib,Glycyrrhizin,2.0,0
Lapatinib,Glycyrrhizin,1.0,0
Lapatinib,Glycyrrhizin,0.5,0
Lapatinib,Glycyrrhizin,0.25,0
Lapatinib,congo_red,4.0,0
Lapatinib,congo_red,2.0,1
Lapatinib,congo_red,1.0,1
Lapatinib,congo_red,0.5,1
Lapatinib,congo_red,0.25,1
Lapatinib,cholic_acid,4.0,0
Lapatinib,cholic_acid,2.0,0
Lapatinib,cholic_acid,1.0,0
Lapatinib,cholic_acid,0.5,0
Lapatinib,cholic_acid,0.25,0
Lapatinib,glycocholic_acid,4.0,0
Lapatinib,glycocholic_acid,2.0,0
Lapatinib,glycocholic_acid,1.0,0
Lapatinib,glycocholic_acid,0.5,0
Lapatinib,glycocholic_acid,0.25,0
Lapatinib,taurocholic acid,4.0,0
Lapatinib,taurocholic acid,2.0,0
Lapatinib,taurocholic acid,1.0,0
Lapatinib,taurocholic acid,0.5,0
Lapatinib,taurocholic acid,0.25,0
Lapatinib,prednisone,4.0,0
Lapatinib,prednisone,2.0,0
Lapatinib,prednisone,1.0,0
Lapatinib,prednisone,0.5,0
Lapatinib,prednisone,0.25,0
Lapatinib,budesonide,4.0,0
Lapatinib,budesonide,2.0,0
Lapatinib,budesonide,1.0,0
Lapatinib,budesonide,0.5,0
Lapatinib,budesonide,0.25,0
Lapatinib,ursodiol,4.0,0
Lapatinib,ursodiol,2.0,0
Lapatinib,ursodiol,1.0,0
Lapatinib,ursodiol,0.5,0
Lapatinib,ursodiol,0.25,0
Lapatinib,EvansBlue,4.0,0
Lapatinib,EvansBlue,2.0,0
Lapatinib,EvansBlue,1.0,0
Lapatinib,EvansBlue,0.5,0
Lapatinib,EvansBlue,0.25,0
Lapatinib,tannic_acid,4.0,0
Lapatinib,tannic_acid,2.0,0
Lapatinib,tannic_acid,1.0,0
Lapatinib,tannic_acid,0.5,0
Lapatinib,tannic_acid,0.25,0
Lapatinib,candesartan_cilexetil,4.0,0
Lapatinib,candesartan_cilexetil,2.0,0
Lapatinib,candesartan_cilexetil,1.0,0
Lapatinib,candesartan_cilexetil,0.5,0
Lapatinib,candesartan_cilexetil,0.25,0
Lapatinib,indomethacin,4.0,0
Lapatinib,indomethacin,2.0,0
Lapatinib,indomethacin,1.0,0
Lapatinib,indomethacin,0.5,0
Lapatinib,indomethacin,0.25,0
Lapatinib,folic acid,4.0,0
Lapatinib,folic acid,2.0,0
Lapatinib,folic acid,1.0,0
Lapatinib,folic acid,0.5,0
Lapatinib,folic acid,0.25,0
Lapatinib,neotame,4.0,0
Lapatinib,neotame,2.0,0
Lapatinib,neotame,1.0,0
Lapatinib,neotame,0.5,0
Lapatinib,neotame,0.25,0
Lapatinib,octyl_gallate,4.0,0
Lapatinib,octyl_gallate,2.0,0
Lapatinib,octyl_gallate,1.0,0
Lapatinib,octyl_gallate,0.5,0
Lapatinib,octyl_gallate,0.25,0
Docetaxel,Glycyrrhizin,4.0,0
Docetaxel,Glycyrrhizin,2.0,0
Docetaxel,Glycyrrhizin,1.0,0
Docetaxel,Glycyrrhizin,0.5,0
Docetaxel,Glycyrrhizin,0.25,0
Docetaxel,congo_red,4.0,0
Docetaxel,congo_red,2.0,0
Docetaxel,congo_red,1.0,0
Docetaxel,congo_red,0.5,0
Docetaxel,congo_red,0.25,0
Docetaxel,cholic_acid,4.0,0
Docetaxel,cholic_acid,2.0,0
Docetaxel,cholic_acid,1.0,0
Docetaxel,cholic_acid,0.5,0
Docetaxel,cholic_acid,0.25,0
Docetaxel,glycocholic_acid,4.0,0
Docetaxel,glycocholic_acid,2.0,0
Docetaxel,glycocholic_acid,1.0,0
Docetaxel,glycocholic_acid,0.5,0
Docetaxel,glycocholic_acid,0.25,0
Docetaxel,taurocholic acid,4.0,0
Docetaxel,taurocholic acid,2.0,0
Docetaxel,taurocholic acid,1.0,0
Docetaxel,taurocholic acid,0.5,0
Docetaxel,taurocholic acid,0.25,0
Docetaxel,prednisone,4.0,0
Docetaxel,prednisone,2.0,0
Docetaxel,prednisone,1.0,0
Docetaxel,prednisone,0.5,0
Docetaxel,prednisone,0.25,0
Docetaxel,budesonide,4.0,0
Docetaxel,budesonide,2.0,0
Docetaxel,budesonide,1.0,0
Docetaxel,budesonide,0.5,0
Docetaxel,budesonide,0.25,0
Docetaxel,ursodiol,4.0,0
Docetaxel,ursodiol,2.0,0
Docetaxel,ursodiol,1.0,0
Docetaxel,ursodiol,0.5,0
Docetaxel,ursodiol,0.25,0
Docetaxel,EvansBlue,4.0,0
Docetaxel,EvansBlue,2.0,0
Docetaxel,EvansBlue,1.0,0
Docetaxel,EvansBlue,0.5,0
Docetaxel,EvansBlue,0.25,0
Docetaxel,tannic_acid,4.0,0
Docetaxel,tannic_acid,2.0,0
Docetaxel,tannic_acid,1.0,0
Docetaxel,tannic_acid,0.5,0
Docetaxel,tannic_acid,0.25,0
Docetaxel,candesartan_cilexetil,4.0,1
Docetaxel,candesartan_cilexetil,2.0,1
Docetaxel,candesartan_cilexetil,1.0,1
Docetaxel,candesartan_cilexetil,0.5,1
Docetaxel,candesartan_cilexetil,0.25,1
Docetaxel,indomethacin,4.0,0
Docetaxel,indomethacin,2.0,0
Docetaxel,indomethacin,1.0,0
Docetaxel,indomethacin,0.5,0
Docetaxel,indomethacin,0.25,0
Docetaxel,folic acid,4.0,0
Docetaxel,folic acid,2.0,0
Docetaxel,folic acid,1.0,0
Docetaxel,folic acid,0.5,0
Docetaxel,folic acid,0.25,0
Docetaxel,neotame,4.0,0
Docetaxel,neotame,2.0,0
Docetaxel,neotame,1.0,0
Docetaxel,neotame,0.5,0
Docetaxel,neotame,0.25,0
Docetaxel,octyl_gallate,4.0,0
Docetaxel,octyl_gallate,2.0,0
Docetaxel,octyl_gallate,1.0,0
Docetaxel,octyl_gallate,0.5,0
Docetaxel,octyl_gallate,0.25,0
Taxol,Glycyrrhizin,4.0,0
Taxol,Glycyrrhizin,2.0,0
Taxol,Glycyrrhizin,1.0,0
Taxol,Glycyrrhizin,0.5,0
Taxol,Glycyrrhizin,0.25,0
Taxol,congo_red,4.0,0
Taxol,congo_red,2.0,1
Taxol,congo_red,1.0,1
Taxol,congo_red,0.5,1
Taxol,congo_red,0.25,1
Taxol,cholic_acid,4.0,0
Taxol,cholic_acid,2.0,0
Taxol,cholic_acid,1.0,0
Taxol,cholic_acid,0.5,0
Taxol,cholic_acid,0.25,0
Taxol,glycocholic_acid,4.0,0
Taxol,glycocholic_acid,2.0,0
Taxol,glycocholic_acid,1.0,0
Taxol,glycocholic_acid,0.5,0
Taxol,glycocholic_acid,0.25,0
Taxol,taurocholic acid,4.0,0
Taxol,taurocholic acid,2.0,0
Taxol,taurocholic acid,1.0,0
Taxol,taurocholic acid,0.5,0
Taxol,taurocholic acid,0.25,0
Taxol,prednisone,4.0,0
Taxol,prednisone,2.0,0
Taxol,prednisone,1.0,0
Taxol,prednisone,0.5,0
Taxol,prednisone,0.25,0
Taxol,budesonide,4.0,0
Taxol,budesonide,2.0,0
Taxol,budesonide,1.0,0
Taxol,budesonide,0.5,0
Taxol,budesonide,0.25,0
Taxol,ursodiol,4.0,0
Taxol,ursodiol,2.0,0
Taxol,ursodiol,1.0,0
Taxol,ursodiol,0.5,0
Taxol,ursodiol,0.25,0
Taxol,EvansBlue,4.0,0
Taxol,EvansBlue,2.0,1
Taxol,EvansBlue,1.0,1
Taxol,EvansBlue,0.5,1
Taxol,EvansBlue,0.25,1
Taxol,tannic_acid,4.0,0
Taxol,tannic_acid,2.0,0
Taxol,tannic_acid,1.0,0
Taxol,tannic_acid,0.5,0
Taxol,tannic_acid,0.25,0
Taxol,candesartan_cilexetil,4.0,1
Taxol,candesartan_cilexetil,2.0,1
Taxol,candesartan_cilexetil,1.0,1
Taxol,candesartan_cilexetil,0.5,0
Taxol,candesartan_cilexetil,0.25,0
Taxol,indomethacin,4.0,0
Taxol,indomethacin,2.0,0
Taxol,indomethacin,1.0,0
Taxol,indomethacin,0.5,0
Taxol,indomethacin,0.25,0
Taxol,folic acid,4.0,0
Taxol,folic acid,2.0,0
Taxol,folic acid,1.0,0
Taxol,folic acid,0.5,0
Taxol,folic acid,0.25,0
Taxol,neotame,4.0,0
Taxol,neotame,2.0,0
Taxol,neotame,1.0,0
Taxol,neotame,0.5,0
Taxol,neotame,0.25,0
Taxol,octyl_gallate,4.0,0
Taxol,octyl_gallate,2.0,0
Taxol,octyl_gallate,1.0,0
Taxol,octyl_gallate,0.5,0
Taxol,octyl_gallate,0.25,0
bleomycin,Glycyrrhizin,4.0,0
bleomycin,Glycyrrhizin,2.0,0
bleomycin,Glycyrrhizin,1.0,0
bleomycin,Glycyrrhizin,0.5,0
bleomycin,Glycyrrhizin,0.25,0
bleomycin,congo_red,4.0,0
bleomycin,congo_red,2.0,0
bleomycin,congo_red,1.0,0
bleomycin,congo_red,0.5,0
bleomycin,congo_red,0.25,0
bleomycin,cholic_acid,4.0,0
bleomycin,cholic_acid,2.0,0
bleomycin,cholic_acid,1.0,0
bleomycin,cholic_acid,0.5,0
bleomycin,cholic_acid,0.25,0
bleomycin,glycocholic_acid,4.0,0
bleomycin,glycocholic_acid,2.0,0
bleomycin,glycocholic_acid,1.0,0
bleomycin,glycocholic_acid,0.5,0
bleomycin,glycocholic_acid,0.25,0
bleomycin,taurocholic acid,4.0,0
bleomycin,taurocholic acid,2.0,0
bleomycin,taurocholic acid,1.0,0
bleomycin,taurocholic acid,0.5,0
bleomycin,taurocholic acid,0.25,0
bleomycin,prednisone,4.0,0
bleomycin,prednisone,2.0,0
bleomycin,prednisone,1.0,0
bleomycin,prednisone,0.5,0
bleomycin,prednisone,0.25,0
bleomycin,budesonide,4.0,0
bleomycin,budesonide,2.0,0
bleomycin,budesonide,1.0,0
bleomycin,budesonide,0.5,0
bleomycin,budesonide,0.25,0
bleomycin,ursodiol,4.0,0
bleomycin,ursodiol,2.0,0
bleomycin,ursodiol,1.0,0
bleomycin,ursodiol,0.5,0
bleomycin,ursodiol,0.25,0
bleomycin,EvansBlue,4.0,0
bleomycin,EvansBlue,2.0,0
bleomycin,EvansBlue,1.0,0
bleomycin,EvansBlue,0.5,0
bleomycin,EvansBlue,0.25,0
bleomycin,tannic_acid,4.0,0
bleomycin,tannic_acid,2.0,0
bleomycin,tannic_acid,1.0,0
bleomycin,tannic_acid,0.5,0
bleomycin,tannic_acid,0.25,0
bleomycin,candesartan_cilexetil,4.0,1
bleomycin,candesartan_cilexetil,2.0,1
bleomycin,candesartan_cilexetil,1.0,0
bleomycin,candesartan_cilexetil,0.5,0
bleomycin,candesartan_cilexetil,0.25,0
bleomycin,indomethacin,4.0,0
bleomycin,indomethacin,2.0,0
bleomycin,indomethacin,1.0,0
bleomycin,indomethacin,0.5,0
bleomycin,indomethacin,0.25,0
bleomycin,folic acid,4.0,0
bleomycin,folic acid,2.0,0
bleomycin,folic acid,1.0,0
bleomycin,folic acid,0.5,0
bleomycin,folic acid,0.25,0
bleomycin,neotame,4.0,0
bleomycin,neotame,2.0,0
bleomycin,neotame,1.0,0
bleomycin,neotame,0.5,0
bleomycin,neotame,0.25,0
bleomycin,octyl_gallate,4.0,0
bleomycin,octyl_gallate,2.0,0
bleomycin,octyl_gallate,1.0,0
bleomycin,octyl_gallate,0.5,0
bleomycin,octyl_gallate,0.25,0
(S)-10-Hydroxycamptothecin,Glycyrrhizin,4.0,0
(S)-10-Hydroxycamptothecin,Glycyrrhizin,2.0,0
(S)-10-Hydroxycamptothecin,Glycyrrhizin,1.0,0
(S)-10-Hydroxycamptothecin,Glycyrrhizin,0.5,0
(S)-10-Hydroxycamptothecin,Glycyrrhizin,0.25,0
(S)-10-Hydroxycamptothecin,congo_red,4.0,0
(S)-10-Hydroxycamptothecin,congo_red,2.0,0
(S)-10-Hydroxycamptothecin,congo_red,1.0,0
(S)-10-Hydroxycamptothecin,congo_red,0.5,0
(S)-10-Hydroxycamptothecin,congo_red,0.25,0
(S)-10-Hydroxycamptothecin,cholic_acid,4.0,0
(S)-10-Hydroxycamptothecin,cholic_acid,2.0,0
(S)-10-Hydroxycamptothecin,cholic_acid,1.0,0
(S)-10-Hydroxycamptothecin,cholic_acid,0.5,0
(S)-10-Hydroxycamptothecin,cholic_acid,0.25,0
(S)-10-Hydroxycamptothecin,glycocholic_acid,4.0,0
(S)-10-Hydroxycamptothecin,glycocholic_acid,2.0,0
(S)-10-Hydroxycamptothecin,glycocholic_acid,1.0,0
(S)-10-Hydroxycamptothecin,glycocholic_acid,0.5,0
(S)-10-Hydroxycamptothecin,glycocholic_acid,0.25,0
(S)-10-Hydroxycamptothecin,taurocholic acid,4.0,0
(S)-10-Hydroxycamptothecin,taurocholic acid,2.0,0
(S)-10-Hydroxycamptothecin,taurocholic acid,1.0,0
(S)-10-Hydroxycamptothecin,taurocholic acid,0.5,0
(S)-10-Hydroxycamptothecin,taurocholic acid,0.25,0
(S)-10-Hydroxycamptothecin,prednisone,4.0,0
(S)-10-Hydroxycamptothecin,prednisone,2.0,0
(S)-10-Hydroxycamptothecin,prednisone,1.0,0
(S)-10-Hydroxycamptothecin,prednisone,0.5,0
(S)-10-Hydroxycamptothecin,prednisone,0.25,0
(S)-10-Hydroxycamptothecin,budesonide,4.0,0
(S)-10-Hydroxycamptothecin,budesonide,2.0,0
(S)-10-Hydroxycamptothecin,budesonide,1.0,0
(S)-10-Hydroxycamptothecin,budesonide,0.5,0
(S)-10-Hydroxycamptothecin,budesonide,0.25,0
(S)-10-Hydroxycamptothecin,ursodiol,4.0,0
(S)-10-Hydroxycamptothecin,ursodiol,2.0,0
(S)-10-Hydroxycamptothecin,ursodiol,1.0,0
(S)-10-Hydroxycamptothecin,ursodiol,0.5,0
(S)-10-Hydroxycamptothecin,ursodiol,0.25,0
(S)-10-Hydroxycamptothecin,EvansBlue,4.0,0
(S)-10-Hydroxycamptothecin,EvansBlue,2.0,0
(S)-10-Hydroxycamptothecin,EvansBlue,1.0,0
(S)-10-Hydroxycamptothecin,EvansBlue,0.5,0
(S)-10-Hydroxycamptothecin,EvansBlue,0.25,0
(S)-10-Hydroxycamptothecin,tannic_acid,4.0,0
(S)-10-Hydroxycamptothecin,tannic_acid,2.0,0
(S)-10-Hydroxycamptothecin,tannic_acid,1.0,0
(S)-10-Hydroxycamptothecin,tannic_acid,0.5,0
(S)-10-Hydroxycamptothecin,tannic_acid,0.25,0
(S)-10-Hydroxycamptothecin,candesartan_cilexetil,4.0,0
(S)-10-Hydroxycamptothecin,candesartan_cilexetil,2.0,0
(S)-10-Hydroxycamptothecin,candesartan_cilexetil,1.0,0
(S)-10-Hydroxycamptothecin,candesartan_cilexetil,0.5,0
(S)-10-Hydroxycamptothecin,candesartan_cilexetil,0.25,0
(S)-10-Hydroxycamptothecin,indomethacin,4.0,0
(S)-10-Hydroxycamptothecin,indomethacin,2.0,0
(S)-10-Hydroxycamptothecin,indomethacin,1.0,0
(S)-10-Hydroxycamptothecin,indomethacin,0.5,0
(S)-10-Hydroxycamptothecin,indomethacin,0.25,0
(S)-10-Hydroxycamptothecin,folic acid,4.0,0
(S)-10-Hydroxycamptothecin,folic acid,2.0,0
(S)-10-Hydroxycamptothecin,folic acid,1.0,0
(S)-10-Hydroxycamptothecin,folic acid,0.5,0
(S)-10-Hydroxycamptothecin,folic acid,0.25,0
(S)-10-Hydroxycamptothecin,neotame,4.0,0
(S)-10-Hydroxycamptothecin,neotame,2.0,0
(S)-10-Hydroxycamptothecin,neotame,1.0,0
(S)-10-Hydroxycamptothecin,neotame,0.5,0
(S)-10-Hydroxycamptothecin,neotame,0.25,0
(S)-10-Hydroxycamptothecin,octyl_gallate,4.0,0
(S)-10-Hydroxycamptothecin,octyl_gallate,2.0,0
(S)-10-Hydroxycamptothecin,octyl_gallate,1.0,0
(S)-10-Hydroxycamptothecin,octyl_gallate,0.5,0
(S)-10-Hydroxycamptothecin,octyl_gallate,0.25,0
Erlotinib,Glycyrrhizin,4.0,0
Erlotinib,Glycyrrhizin,2.0,0
Erlotinib,Glycyrrhizin,1.0,0
Erlotinib,Glycyrrhizin,0.5,0
Erlotinib,Glycyrrhizin,0.25,0
Erlotinib,congo_red,4.0,0
Erlotinib,congo_red,2.0,0
Erlotinib,congo_red,1.0,0
Erlotinib,congo_red,0.5,1
Erlotinib,congo_red,0.25,1
Erlotinib,cholic_acid,4.0,0
Erlotinib,cholic_acid,2.0,0
Erlotinib,cholic_acid,1.0,0
Erlotinib,cholic_acid,0.5,0
Erlotinib,cholic_acid,0.25,0
Erlotinib,glycocholic_acid,4.0,0
Erlotinib,glycocholic_acid,2.0,0
Erlotinib,glycocholic_acid,1.0,0
Erlotinib,glycocholic_acid,0.5,0
Erlotinib,glycocholic_acid,0.25,0
Erlotinib,taurocholic acid,4.0,0
Erlotinib,taurocholic acid,2.0,0
Erlotinib,taurocholic acid,1.0,0
Erlotinib,taurocholic acid,0.5,0
Erlotinib,taurocholic acid,0.25,0
Erlotinib,prednisone,4.0,0
Erlotinib,prednisone,2.0,0
Erlotinib,prednisone,1.0,0
Erlotinib,prednisone,0.5,0
Erlotinib,prednisone,0.25,0
Erlotinib,budesonide,4.0,0
Erlotinib,budesonide,2.0,0
Erlotinib,budesonide,1.0,0
Erlotinib,budesonide,0.5,0
Erlotinib,budesonide,0.25,0
Erlotinib,ursodiol,4.0,0
Erlotinib,ursodiol,2.0,0
Erlotinib,ursodiol,1.0,0
Erlotinib,ursodiol,0.5,0
Erlotinib,ursodiol,0.25,0
Erlotinib,EvansBlue,4.0,0
Erlotinib,EvansBlue,2.0,0
Erlotinib,EvansBlue,1.0,0
Erlotinib,EvansBlue,0.5,0
Erlotinib,EvansBlue,0.25,0
Erlotinib,tannic_acid,4.0,0
Erlotinib,tannic_acid,2.0,0
Erlotinib,tannic_acid,1.0,0
Erlotinib,tannic_acid,0.5,0
Erlotinib,tannic_acid,0.25,0
Erlotinib,candesartan_cilexetil,4.0,0
Erlotinib,candesartan_cilexetil,2.0,1
Erlotinib,candesartan_cilexetil,1.0,0
Erlotinib,candesartan_cilexetil,0.5,0
Erlotinib,candesartan_cilexetil,0.25,0
Erlotinib,indomethacin,4.0,0
Erlotinib,indomethacin,2.0,0
Erlotinib,indomethacin,1.0,0
Erlotinib,indomethacin,0.5,0
Erlotinib,indomethacin,0.25,0
Erlotinib,folic acid,4.0,0
Erlotinib,folic acid,2.0,0
Erlotinib,folic acid,1.0,0
Erlotinib,folic acid,0.5,0
Erlotinib,folic acid,0.25,0
Erlotinib,neotame,4.0,0
Erlotinib,neotame,2.0,0
Erlotinib,neotame,1.0,0
Erlotinib,neotame,0.5,0
Erlotinib,neotame,0.25,0
Erlotinib,octyl_gallate,4.0,0
Erlotinib,octyl_gallate,2.0,0
Erlotinib,octyl_gallate,1.0,0
Erlotinib,octyl_gallate,0.5,0
Erlotinib,octyl_gallate,0.25,0
Camptothecin,Glycyrrhizin,4.0,0
Camptothecin,Glycyrrhizin,2.0,0
Camptothecin,Glycyrrhizin,1.0,0
Camptothecin,Glycyrrhizin,0.5,0
Camptothecin,Glycyrrhizin,0.25,0
Camptothecin,congo_red,4.0,0
Camptothecin,congo_red,2.0,0
Camptothecin,congo_red,1.0,0
Camptothecin,congo_red,0.5,0
Camptothecin,congo_red,0.25,0
Camptothecin,cholic_acid,4.0,0
Camptothecin,cholic_acid,2.0,0
Camptothecin,cholic_acid,1.0,0
Camptothecin,cholic_acid,0.5,0
Camptothecin,cholic_acid,0.25,0
Camptothecin,glycocholic_acid,4.0,0
Camptothecin,glycocholic_acid,2.0,0
Camptothecin,glycocholic_acid,1.0,0
Camptothecin,glycocholic_acid,0.5,0
Camptothecin,glycocholic_acid,0.25,0
Camptothecin,taurocholic acid,4.0,0
Camptothecin,taurocholic acid,2.0,0
Camptothecin,taurocholic acid,1.0,0
Camptothecin,taurocholic acid,0.5,0
Camptothecin,taurocholic acid,0.25,0
Camptothecin,prednisone,4.0,0
Camptothecin,prednisone,2.0,0
Camptothecin,prednisone,1.0,0
Camptothecin,prednisone,0.5,0
Camptothecin,prednisone,0.25,0
Camptothecin,budesonide,4.0,0
Camptothecin,budesonide,2.0,0
Camptothecin,budesonide,1.0,0
Camptothecin,budesonide,0.5,0
Camptothecin,budesonide,0.25,0
Camptothecin,ursodiol,4.0,0
Camptothecin,ursodiol,2.0,0
Camptothecin,ursodiol,1.0,0
Camptothecin,ursodiol,0.5,0
Camptothecin,ursodiol,0.25,0
Camptothecin,EvansBlue,4.0,0
Camptothecin,EvansBlue,2.0,0
Camptothecin,EvansBlue,1.0,0
Camptothecin,EvansBlue,0.5,0
Camptothecin,EvansBlue,0.25,0
Camptothecin,tannic_acid,4.0,0
Camptothecin,tannic_acid,2.0,0
Camptothecin,tannic_acid,1.0,0
Camptothecin,tannic_acid,0.5,0
Camptothecin,tannic_acid,0.25,0
Camptothecin,candesartan_cilexetil,4.0,0
Camptothecin,candesartan_cilexetil,2.0,0
Camptothecin,candesartan_cilexetil,1.0,0
Camptothecin,candesartan_cilexetil,0.5,0
Camptothecin,candesartan_cilexetil,0.25,0
Camptothecin,indomethacin,4.0,0
Camptothecin,indomethacin,2.0,0
Camptothecin,indomethacin,1.0,0
Camptothecin,indomethacin,0.5,0
Camptothecin,indomethacin,0.25,0
Camptothecin,folic acid,4.0,0
Camptothecin,folic acid,2.0,0
Camptothecin,folic acid,1.0,0
Camptothecin,folic acid,0.5,0
Camptothecin,folic acid,0.25,0
Camptothecin,neotame,4.0,0
Camptothecin,neotame,2.0,0
Camptothecin,neotame,1.0,0
Camptothecin,neotame,0.5,0
Camptothecin,neotame,0.25,0
Camptothecin,octyl_gallate,4.0,0
Camptothecin,octyl_gallate,2.0,0
Camptothecin,octyl_gallate,1.0,0
Camptothecin,octyl_gallate,0.5,0
Camptothecin,octyl_gallate,0.25,0
Sunitinib,Glycyrrhizin,4.0,0
Sunitinib,Glycyrrhizin,2.0,0
Sunitinib,Glycyrrhizin,1.0,0
Sunitinib,Glycyrrhizin,0.5,0
Sunitinib,Glycyrrhizin,0.25,0
Sunitinib,congo_red,4.0,0
Sunitinib,congo_red,2.0,0
Sunitinib,congo_red,1.0,0
Sunitinib,congo_red,0.5,0
Sunitinib,congo_red,0.25,0
Sunitinib,cholic_acid,4.0,0
Sunitinib,cholic_acid,2.0,0
Sunitinib,cholic_acid,1.0,0
Sunitinib,cholic_acid,0.5,0
Sunitinib,cholic_acid,0.25,0
Sunitinib,glycocholic_acid,4.0,0
Sunitinib,glycocholic_acid,2.0,0
Sunitinib,glycocholic_acid,1.0,0
Sunitinib,glycocholic_acid,0.5,0
Sunitinib,glycocholic_acid,0.25,0
Sunitinib,taurocholic acid,4.0,0
Sunitinib,taurocholic acid,2.0,0
Sunitinib,taurocholic acid,1.0,0
Sunitinib,taurocholic acid,0.5,0
Sunitinib,taurocholic acid,0.25,0
Sunitinib,prednisone,4.0,0
Sunitinib,prednisone,2.0,0
Sunitinib,prednisone,1.0,0
Sunitinib,prednisone,0.5,0
Sunitinib,prednisone,0.25,0
Sunitinib,budesonide,4.0,0
Sunitinib,budesonide,2.0,0
Sunitinib,budesonide,1.0,0
Sunitinib,budesonide,0.5,0
Sunitinib,budesonide,0.25,0
Sunitinib,ursodiol,4.0,0
Sunitinib,ursodiol,2.0,0
Sunitinib,ursodiol,1.0,0
Sunitinib,ursodiol,0.5,0
Sunitinib,ursodiol,0.25,0
Sunitinib,EvansBlue,4.0,0
Sunitinib,EvansBlue,2.0,0
Sunitinib,EvansBlue,1.0,1
Sunitinib,EvansBlue,0.5,1
Sunitinib,EvansBlue,0.25,0
Sunitinib,tannic_acid,4.0,0
Sunitinib,tannic_acid,2.0,0
Sunitinib,tannic_acid,1.0,0
Sunitinib,tannic_acid,0.5,0
Sunitinib,tannic_acid,0.25,0
Sunitinib,candesartan_cilexetil,4.0,0
Sunitinib,candesartan_cilexetil,2.0,0
Sunitinib,candesartan_cilexetil,1.0,0
Sunitinib,candesartan_cilexetil,0.5,0
Sunitinib,candesartan_cilexetil,0.25,0
Sunitinib,indomethacin,4.0,0
Sunitinib,indomethacin,2.0,0
Sunitinib,indomethacin,1.0,0
Sunitinib,indomethacin,0.5,0
Sunitinib,indomethacin,0.25,0
Sunitinib,folic acid,4.0,0
Sunitinib,folic acid,2.0,0
Sunitinib,folic acid,1.0,0
Sunitinib,folic acid,0.5,0
Sunitinib,folic acid,0.25,0
Sunitinib,neotame,4.0,0
Sunitinib,neotame,2.0,0
Sunitinib,neotame,1.0,0
Sunitinib,neotame,0.5,0
Sunitinib,neotame,0.25,0
Sunitinib,octyl_gallate,4.0,0
Sunitinib,octyl_gallate,2.0,0
Sunitinib,octyl_gallate,1.0,0
Sunitinib,octyl_gallate,0.5,0
Sunitinib,octyl_gallate,0.25,0
Gefitinib,Glycyrrhizin,4.0,0
Gefitinib,Glycyrrhizin,2.0,0
Gefitinib,Glycyrrhizin,1.0,0
Gefitinib,Glycyrrhizin,0.5,0
Gefitinib,Glycyrrhizin,0.25,0
Gefitinib,congo_red,4.0,0
Gefitinib,congo_red,2.0,0
Gefitinib,congo_red,1.0,0
Gefitinib,congo_red,0.5,0
Gefitinib,congo_red,0.25,0
Gefitinib,cholic_acid,4.0,0
Gefitinib,cholic_acid,2.0,0
Gefitinib,cholic_acid,1.0,0
Gefitinib,cholic_acid,0.5,0
Gefitinib,cholic_acid,0.25,0
Gefitinib,glycocholic_acid,4.0,0
Gefitinib,glycocholic_acid,2.0,0
Gefitinib,glycocholic_acid,1.0,0
Gefitinib,glycocholic_acid,0.5,0
Gefitinib,glycocholic_acid,0.25,0
Gefitinib,taurocholic acid,4.0,0
Gefitinib,taurocholic acid,2.0,0
Gefitinib,taurocholic acid,1.0,0
Gefitinib,taurocholic acid,0.5,0
Gefitinib,taurocholic acid,0.25,0
Gefitinib,prednisone,4.0,0
Gefitinib,prednisone,2.0,0
Gefitinib,prednisone,1.0,0
Gefitinib,prednisone,0.5,0
Gefitinib,prednisone,0.25,0
Gefitinib,budesonide,4.0,0
Gefitinib,budesonide,2.0,0
Gefitinib,budesonide,1.0,0
Gefitinib,budesonide,0.5,0
Gefitinib,budesonide,0.25,0
Gefitinib,ursodiol,4.0,0
Gefitinib,ursodiol,2.0,0
Gefitinib,ursodiol,1.0,0
Gefitinib,ursodiol,0.5,0
Gefitinib,ursodiol,0.25,0
Gefitinib,EvansBlue,4.0,1
Gefitinib,EvansBlue,2.0,0
Gefitinib,EvansBlue,1.0,0
Gefitinib,EvansBlue,0.5,0
Gefitinib,EvansBlue,0.25,0
Gefitinib,tannic_acid,4.0,0
Gefitinib,tannic_acid,2.0,0
Gefitinib,tannic_acid,1.0,0
Gefitinib,tannic_acid,0.5,0
Gefitinib,tannic_acid,0.25,0
Gefitinib,candesartan_cilexetil,4.0,0
Gefitinib,candesartan_cilexetil,2.0,0
Gefitinib,candesartan_cilexetil,1.0,0
Gefitinib,candesartan_cilexetil,0.5,0
Gefitinib,candesartan_cilexetil,0.25,0
Gefitinib,indomethacin,4.0,0
Gefitinib,indomethacin,2.0,0
Gefitinib,indomethacin,1.0,0
Gefitinib,indomethacin,0.5,0
Gefitinib,indomethacin,0.25,0
Gefitinib,folic acid,4.0,0
Gefitinib,folic acid,2.0,0
Gefitinib,folic acid,1.0,0
Gefitinib,folic acid,0.5,0
Gefitinib,folic acid,0.25,0
Gefitinib,neotame,4.0,0
Gefitinib,neotame,2.0,0
Gefitinib,neotame,1.0,0
Gefitinib,neotame,0.5,0
Gefitinib,neotame,0.25,0
Gefitinib,octyl_gallate,4.0,0
Gefitinib,octyl_gallate,2.0,0
Gefitinib,octyl_gallate,1.0,0
Gefitinib,octyl_gallate,0.5,0
Gefitinib,octyl_gallate,0.25,0
Nilotinib,Glycyrrhizin,4.0,0
Nilotinib,Glycyrrhizin,2.0,0
Nilotinib,Glycyrrhizin,1.0,0
Nilotinib,Glycyrrhizin,0.5,0
Nilotinib,Glycyrrhizin,0.25,0
Nilotinib,congo_red,4.0,0
Nilotinib,congo_red,2.0,0
Nilotinib,congo_red,1.0,0
Nilotinib,congo_red,0.5,0
Nilotinib,congo_red,0.25,0
Nilotinib,cholic_acid,4.0,0
Nilotinib,cholic_acid,2.0,0
Nilotinib,cholic_acid,1.0,0
Nilotinib,cholic_acid,0.5,0
Nilotinib,cholic_acid,0.25,0
Nilotinib,glycocholic_acid,4.0,0
Nilotinib,glycocholic_acid,2.0,0
Nilotinib,glycocholic_acid,1.0,0
Nilotinib,glycocholic_acid,0.5,0
Nilotinib,glycocholic_acid,0.25,0
Nilotinib,taurocholic acid,4.0,0
Nilotinib,taurocholic acid,2.0,0
Nilotinib,taurocholic acid,1.0,0
Nilotinib,taurocholic acid,0.5,0
Nilotinib,taurocholic acid,0.25,0
Nilotinib,prednisone,4.0,0
Nilotinib,prednisone,2.0,0
Nilotinib,prednisone,1.0,0
Nilotinib,prednisone,0.5,0
Nilotinib,prednisone,0.25,0
Nilotinib,budesonide,4.0,0
Nilotinib,budesonide,2.0,0
Nilotinib,budesonide,1.0,0
Nilotinib,budesonide,0.5,0
Nilotinib,budesonide,0.25,0
Nilotinib,ursodiol,4.0,0
Nilotinib,ursodiol,2.0,0
Nilotinib,ursodiol,1.0,0
Nilotinib,ursodiol,0.5,0
Nilotinib,ursodiol,0.25,0
Nilotinib,EvansBlue,4.0,0
Nilotinib,EvansBlue,2.0,0
Nilotinib,EvansBlue,1.0,0
Nilotinib,EvansBlue,0.5,0
Nilotinib,EvansBlue,0.25,0
Nilotinib,tannic_acid,4.0,0
Nilotinib,tannic_acid,2.0,0
Nilotinib,tannic_acid,1.0,0
Nilotinib,tannic_acid,0.5,0
Nilotinib,tannic_acid,0.25,0
Nilotinib,candesartan_cilexetil,4.0,1
Nilotinib,candesartan_cilexetil,2.0,1
Nilotinib,candesartan_cilexetil,1.0,1
Nilotinib,candesartan_cilexetil,0.5,1
Nilotinib,candesartan_cilexetil,0.25,1
Nilotinib,indomethacin,4.0,0
Nilotinib,indomethacin,2.0,0
Nilotinib,indomethacin,1.0,0
Nilotinib,indomethacin,0.5,0
Nilotinib,indomethacin,0.25,0
Nilotinib,folic acid,4.0,0
Nilotinib,folic acid,2.0,0
Nilotinib,folic acid,1.0,0
Nilotinib,folic acid,0.5,0
Nilotinib,folic acid,0.25,0
Nilotinib,neotame,4.0,0
Nilotinib,neotame,2.0,0
Nilotinib,neotame,1.0,0
Nilotinib,neotame,0.5,0
Nilotinib,neotame,0.25,0
Nilotinib,octyl_gallate,4.0,0
Nilotinib,octyl_gallate,2.0,0
Nilotinib,octyl_gallate,1.0,0
Nilotinib,octyl_gallate,0.5,0
Nilotinib,octyl_gallate,0.25,0
Nelfinavir,Glycyrrhizin,4.0,1
Nelfinavir,Glycyrrhizin,2.0,0
Nelfinavir,Glycyrrhizin,1.0,0
Nelfinavir,Glycyrrhizin,0.5,0
Nelfinavir,Glycyrrhizin,0.25,0
Nelfinavir,congo_red,4.0,1
Nelfinavir,congo_red,2.0,1
Nelfinavir,congo_red,1.0,1
Nelfinavir,congo_red,0.5,1
Nelfinavir,congo_red,0.25,1
Nelfinavir,cholic_acid,4.0,0
Nelfinavir,cholic_acid,2.0,0
Nelfinavir,cholic_acid,1.0,0
Nelfinavir,cholic_acid,0.5,0
Nelfinavir,cholic_acid,0.25,0
Nelfinavir,glycocholic_acid,4.0,1
Nelfinavir,glycocholic_acid,2.0,1
Nelfinavir,glycocholic_acid,1.0,0
Nelfinavir,glycocholic_acid,0.5,0
Nelfinavir,glycocholic_acid,0.25,0
Nelfinavir,taurocholic acid,4.0,1
Nelfinavir,taurocholic acid,2.0,1
Nelfinavir,taurocholic acid,1.0,0
Nelfinavir,taurocholic acid,0.5,0
Nelfinavir,taurocholic acid,0.25,0
Nelfinavir,prednisone,4.0,0
Nelfinavir,prednisone,2.0,0
Nelfinavir,prednisone,1.0,0
Nelfinavir,prednisone,0.5,0
Nelfinavir,prednisone,0.25,0
Nelfinavir,budesonide,4.0,0
Nelfinavir,budesonide,2.0,0
Nelfinavir,budesonide,1.0,0
Nelfinavir,budesonide,0.5,0
Nelfinavir,budesonide,0.25,0
Nelfinavir,ursodiol,4.0,0
Nelfinavir,ursodiol,2.0,0
Nelfinavir,ursodiol,1.0,0
Nelfinavir,ursodiol,0.5,0
Nelfinavir,ursodiol,0.25,0
Nelfinavir,EvansBlue,4.0,1
Nelfinavir,EvansBlue,2.0,1
Nelfinavir,EvansBlue,1.0,1
Nelfinavir,EvansBlue,0.5,1
Nelfinavir,EvansBlue,0.25,1
Nelfinavir,tannic_acid,4.0,0
Nelfinavir,tannic_acid,2.0,0
Nelfinavir,tannic_acid,1.0,0
Nelfinavir,tannic_acid,0.5,0
Nelfinavir,tannic_acid,0.25,0
Nelfinavir,candesartan_cilexetil,4.0,1
Nelfinavir,candesartan_cilexetil,2.0,1
Nelfinavir,candesartan_cilexetil,1.0,1
Nelfinavir,candesartan_cilexetil,0.5,1
Nelfinavir,candesartan_cilexetil,0.25,0
Nelfinavir,indomethacin,4.0,0
Nelfinavir,indomethacin,2.0,0
Nelfinavir,indomethacin,1.0,0
Nelfinavir,indomethacin,0.5,0
Nelfinavir,indomethacin,0.25,0
Nelfinavir,folic acid,4.0,0
Nelfinavir,folic acid,2.0,0
Nelfinavir,folic acid,1.0,0
Nelfinavir,folic acid,0.5,0
Nelfinavir,folic acid,0.25,0
Nelfinavir,neotame,4.0,0
Nelfinavir,neotame,2.0,0
Nelfinavir,neotame,1.0,0
Nelfinavir,neotame,0.5,0
Nelfinavir,neotame,0.25,0
Nelfinavir,octyl_gallate,4.0,0
Nelfinavir,octyl_gallate,2.0,0
Nelfinavir,octyl_gallate,1.0,0
Nelfinavir,octyl_gallate,0.5,0
Nelfinavir,octyl_gallate,0.25,0
Glimepiride,Glycyrrhizin,4.0,0
Glimepiride,Glycyrrhizin,2.0,0
Glimepiride,Glycyrrhizin,1.0,0
Glimepiride,Glycyrrhizin,0.5,0
Glimepiride,Glycyrrhizin,0.25,0
Glimepiride,congo_red,4.0,0
Glimepiride,congo_red,2.0,0
Glimepiride,congo_red,1.0,0
Glimepiride,congo_red,0.5,0
Glimepiride,congo_red,0.25,0
Glimepiride,cholic_acid,4.0,0
Glimepiride,cholic_acid,2.0,0
Glimepiride,cholic_acid,1.0,0
Glimepiride,cholic_acid,0.5,0
Glimepiride,cholic_acid,0.25,0
Glimepiride,glycocholic_acid,4.0,0
Glimepiride,glycocholic_acid,2.0,0
Glimepiride,glycocholic_acid,1.0,0
Glimepiride,glycocholic_acid,0.5,0
Glimepiride,glycocholic_acid,0.25,0
Glimepiride,taurocholic acid,4.0,0
Glimepiride,taurocholic acid,2.0,0
Glimepiride,taurocholic acid,1.0,0
Glimepiride,taurocholic acid,0.5,0
Glimepiride,taurocholic acid,0.25,0
Glimepiride,prednisone,4.0,0
Glimepiride,prednisone,2.0,0
Glimepiride,prednisone,1.0,0
Glimepiride,prednisone,0.5,0
Glimepiride,prednisone,0.25,0
Glimepiride,budesonide,4.0,0
Glimepiride,budesonide,2.0,0
Glimepiride,budesonide,1.0,0
Glimepiride,budesonide,0.5,0
Glimepiride,budesonide,0.25,0
Glimepiride,ursodiol,4.0,0
Glimepiride,ursodiol,2.0,0
Glimepiride,ursodiol,1.0,0
Glimepiride,ursodiol,0.5,0
Glimepiride,ursodiol,0.25,0
Glimepiride,EvansBlue,4.0,0
Glimepiride,EvansBlue,2.0,0
Glimepiride,EvansBlue,1.0,0
Glimepiride,EvansBlue,0.5,0
Glimepiride,EvansBlue,0.25,0
Glimepiride,tannic_acid,4.0,0
Glimepiride,tannic_acid,2.0,0
Glimepiride,tannic_acid,1.0,0
Glimepiride,tannic_acid,0.5,0
Glimepiride,tannic_acid,0.25,0
Glimepiride,candesartan_cilexetil,4.0,0
Glimepiride,candesartan_cilexetil,2.0,0
Glimepiride,candesartan_cilexetil,1.0,0
Glimepiride,candesartan_cilexetil,0.5,0
Glimepiride,candesartan_cilexetil,0.25,0
Glimepiride,indomethacin,4.0,0
Glimepiride,indomethacin,2.0,0
Glimepiride,indomethacin,1.0,0
Glimepiride,indomethacin,0.5,0
Glimepiride,indomethacin,0.25,0
Glimepiride,folic acid,4.0,0
Glimepiride,folic acid,2.0,0
Glimepiride,folic acid,1.0,0
Glimepiride,folic acid,0.5,0
Glimepiride,folic acid,0.25,0
Glimepiride,neotame,4.0,0
Glimepiride,neotame,2.0,0
Glimepiride,neotame,1.0,0
Glimepiride,neotame,0.5,0
Glimepiride,neotame,0.25,0
Glimepiride,octyl_gallate,4.0,0
Glimepiride,octyl_gallate,2.0,0
Glimepiride,octyl_gallate,1.0,0
Glimepiride,octyl_gallate,0.5,0
Glimepiride,octyl_gallate,0.25,0
ceritinib,Glycyrrhizin,4.0,0
ceritinib,Glycyrrhizin,2.0,0
ceritinib,Glycyrrhizin,1.0,0
ceritinib,Glycyrrhizin,0.5,0
ceritinib,Glycyrrhizin,0.25,0
ceritinib,congo_red,4.0,1
ceritinib,congo_red,2.0,1
ceritinib,congo_red,1.0,0
ceritinib,congo_red,0.5,0
ceritinib,congo_red,0.25,0
ceritinib,cholic_acid,4.0,0
ceritinib,cholic_acid,2.0,0
ceritinib,cholic_acid,1.0,0
ceritinib,cholic_acid,0.5,0
ceritinib,cholic_acid,0.25,0
ceritinib,glycocholic_acid,4.0,0
ceritinib,glycocholic_acid,2.0,0
ceritinib,glycocholic_acid,1.0,0
ceritinib,glycocholic_acid,0.5,0
ceritinib,glycocholic_acid,0.25,0
ceritinib,taurocholic acid,4.0,0
ceritinib,taurocholic acid,2.0,0
ceritinib,taurocholic acid,1.0,0
ceritinib,taurocholic acid,0.5,0
ceritinib,taurocholic acid,0.25,0
ceritinib,prednisone,4.0,0
ceritinib,prednisone,2.0,0
ceritinib,prednisone,1.0,0
ceritinib,prednisone,0.5,0
ceritinib,prednisone,0.25,0
ceritinib,budesonide,4.0,0
ceritinib,budesonide,2.0,0
ceritinib,budesonide,1.0,0
ceritinib,budesonide,0.5,0
ceritinib,budesonide,0.25,0
ceritinib,ursodiol,4.0,0
ceritinib,ursodiol,2.0,0
ceritinib,ursodiol,1.0,0
ceritinib,ursodiol,0.5,0
ceritinib,ursodiol,0.25,0
ceritinib,EvansBlue,4.0,0
ceritinib,EvansBlue,2.0,0
ceritinib,EvansBlue,1.0,0
ceritinib,EvansBlue,0.5,0
ceritinib,EvansBlue,0.25,0
ceritinib,tannic_acid,4.0,0
ceritinib,tannic_acid,2.0,0
ceritinib,tannic_acid,1.0,0
ceritinib,tannic_acid,0.5,0
ceritinib,tannic_acid,0.25,0
ceritinib,candesartan_cilexetil,4.0,0
ceritinib,candesartan_cilexetil,2.0,0
ceritinib,candesartan_cilexetil,1.0,0
ceritinib,candesartan_cilexetil,0.5,0
ceritinib,candesartan_cilexetil,0.25,0
ceritinib,indomethacin,4.0,0
ceritinib,indomethacin,2.0,0
ceritinib,indomethacin,1.0,0
ceritinib,indomethacin,0.5,0
ceritinib,indomethacin,0.25,0
ceritinib,folic acid,4.0,0
ceritinib,folic acid,2.0,0
ceritinib,folic acid,1.0,0
ceritinib,folic acid,0.5,0
ceritinib,folic acid,0.25,0
ceritinib,neotame,4.0,0
ceritinib,neotame,2.0,0
ceritinib,neotame,1.0,0
ceritinib,neotame,0.5,0
ceritinib,neotame,0.25,0
ceritinib,octyl_gallate,4.0,0
ceritinib,octyl_gallate,2.0,0
ceritinib,octyl_gallate,1.0,0
ceritinib,octyl_gallate,0.5,0
ceritinib,octyl_gallate,0.25,0
entrectinib,Glycyrrhizin,4.0,0
entrectinib,Glycyrrhizin,2.0,0
entrectinib,Glycyrrhizin,1.0,0
entrectinib,Glycyrrhizin,0.5,0
entrectinib,Glycyrrhizin,0.25,0
entrectinib,congo_red,4.0,1
entrectinib,congo_red,2.0,1
entrectinib,congo_red,1.0,1
entrectinib,congo_red,0.5,1
entrectinib,congo_red,0.25,0
entrectinib,cholic_acid,4.0,0
entrectinib,cholic_acid,2.0,0
entrectinib,cholic_acid,1.0,0
entrectinib,cholic_acid,0.5,0
entrectinib,cholic_acid,0.25,0
entrectinib,glycocholic_acid,4.0,0
entrectinib,glycocholic_acid,2.0,0
entrectinib,glycocholic_acid,1.0,0
entrectinib,glycocholic_acid,0.5,0
entrectinib,glycocholic_acid,0.25,0
entrectinib,taurocholic acid,4.0,0
entrectinib,taurocholic acid,2.0,0
entrectinib,taurocholic acid,1.0,0
entrectinib,taurocholic acid,0.5,0
entrectinib,taurocholic acid,0.25,0
entrectinib,prednisone,4.0,0
entrectinib,prednisone,2.0,0
entrectinib,prednisone,1.0,0
entrectinib,prednisone,0.5,0
entrectinib,prednisone,0.25,0
entrectinib,budesonide,4.0,0
entrectinib,budesonide,2.0,0
entrectinib,budesonide,1.0,0
entrectinib,budesonide,0.5,0
entrectinib,budesonide,0.25,0
entrectinib,ursodiol,4.0,0
entrectinib,ursodiol,2.0,0
entrectinib,ursodiol,1.0,0
entrectinib,ursodiol,0.5,0
entrectinib,ursodiol,0.25,0
entrectinib,EvansBlue,4.0,0
entrectinib,EvansBlue,2.0,0
entrectinib,EvansBlue,1.0,0
entrectinib,EvansBlue,0.5,0
entrectinib,EvansBlue,0.25,0
entrectinib,tannic_acid,4.0,0
entrectinib,tannic_acid,2.0,0
entrectinib,tannic_acid,1.0,0
entrectinib,tannic_acid,0.5,0
entrectinib,tannic_acid,0.25,0
entrectinib,candesartan_cilexetil,4.0,0
entrectinib,candesartan_cilexetil,2.0,0
entrectinib,candesartan_cilexetil,1.0,0
entrectinib,candesartan_cilexetil,0.5,0
entrectinib,candesartan_cilexetil,0.25,0
entrectinib,indomethacin,4.0,0
entrectinib,indomethacin,2.0,0
entrectinib,indomethacin,1.0,0
entrectinib,indomethacin,0.5,0
entrectinib,indomethacin,0.25,0
entrectinib,folic acid,4.0,0
entrectinib,folic acid,2.0,0
entrectinib,folic acid,1.0,0
entrectinib,folic acid,0.5,0
entrectinib,folic acid,0.25,0
entrectinib,neotame,4.0,0
entrectinib,neotame,2.0,0
entrectinib,neotame,1.0,0
entrectinib,neotame,0.5,0
entrectinib,neotame,0.25,0
entrectinib,octyl_gallate,4.0,0
entrectinib,octyl_gallate,2.0,0
entrectinib,octyl_gallate,1.0,0
entrectinib,octyl_gallate,0.5,0
entrectinib,octyl_gallate,0.25,0
