drug_name,excp_name,excp_drug_ratio,class
Sorafenib,caffeine,1,0
Sorafenib,succinic_acid,1,0
Sorafenib,DL-malic_acid,1,0
Sorafenib,adipic_acid,1,0
Sorafenib,Triazabicyclodecene,1,0
Sorafenib,DBU,1,0
Sorafenib,L-asparagine,1,0
Sorafenib,theobromine,1,0
Sorafenib,"3,3'-thiodipropionic_acid",1,0
Sorafenib,theophylline,1,0
Sorafenib,borneol,1,0
Sorafenib,cinnamaldehyde,1,0
Sorafenib,aspartame,1,0
Sorafenib,squalene,1,0
Sorafenib,benzaldehyde,1,0
Sorafenib,sodium_deoxycholate,1,1
Sorafenib,sucrose_octaacetate,1,0
Sorafenib,trans_anethole,1,0
Sorafenib,terpinyl_butyrate,1,0
Sorafenib,hydrocortisone,1,0
Sorafenib,neohesperidin_DC,1,0
Sorafenib,diclofenac,1,0
Sorafenib,eucalyptol,1,0
Sorafenib,beta_carotene,1,0
Sorafenib,menthol,1,0
Sorafenib,alpha-terpineol,1,0
Sorafenib,fenchyl_alcohol,1,0
Sorafenib,biotin,1,0
Sorafenib,xylitol,1,0
Sorafenib,trans-cinnamic_acid,1,0
Sorafenib,thimerosal,1,0
Sorafenib,tyramine,1,0
Sorafenib,fumaric_acid,1,0
Sorafenib,vanillin,1,0
Sorafenib,saccharin,1,0
Sorafenib,allantoin,1,0
Sorafenib,vitamin_A_palmitate,1,0
Sorafenib,acetylcholine_chloride,1,0
Sorafenib,dibutyl_phthalate,1,0
Sorafenib,trometamol,1,0
Sorafenib,benzoyl_peroxide,1,0
Sorafenib,triethyl_citrate,1,0
Sorafenib,triacetin,1,0
Sorafenib,glycerol,1,1
Sorafenib,propylene_glycol,1,0
Sorafenib,mebendazole,1,0
Sorafenib,L-proline,1,0
Sorafenib,L-lysine,1,0
Sorafenib,L-ascorbic_acid,1,0
Sorafenib,stearic_acid,1,0
Sorafenib,(R)-(+)-Limonene,1,0
Sorafenib,meglumine,1,0
Sorafenib,hydrochlorothiazide,1,0
Sorafenib,ketoprofen,1,0
Sorafenib,memantine_hydrochloride,1,0
Sorafenib,naproxen_sodium,1,0
Sorafenib,D-sorbitol,1,0
Sorafenib,rhodamine_B,1,0
Sorafenib,moxifloxacin,1,0
Sorafenib,ciprofloxacin,1,0
Sorafenib,certirizine,1,0
Sorafenib,etidronic_acid,1,0
Sorafenib,emtricitabine,1,0
Sorafenib,metoprolol(+)-tartrate,1,0
Sorafenib,phenytoin,1,0
Sorafenib,propranolol_hydrochloride,1,0
Sorafenib,captan,1,0
Sorafenib,alendronate_sodium,1,0
Sorafenib,piroxicam,1,0
Sorafenib,desipramine_hydrochloride,1,0
Sorafenib,nadolol,1,0
Sorafenib,omeprazole,1,0
Sorafenib,labetalol_hydrochloride,1,0
Sorafenib,risperidone,1,0
Sorafenib,fluconazole,1,0
Sorafenib,methotrexate_hydrate,1,0
Sorafenib,tenofovir_alafenamide,1,0
Sorafenib,carbamazepine,1,0
Lumefantrine,caffeine,1,0
Lumefantrine,succinic_acid,1,0
Lumefantrine,octyl_gallate,1,0
Lumefantrine,DL-malic_acid,1,0
Lumefantrine,adipic_acid,1,0
Lumefantrine,Triazabicyclodecene,1,0
Lumefantrine,DBU,1,0
Lumefantrine,L-asparagine,1,0
Lumefantrine,theobromine,1,0
Lumefantrine,"3,3'-thiodipropionic_acid",1,0
Lumefantrine,theophylline,1,0
Lumefantrine,borneol,1,0
Lumefantrine,cinnamaldehyde,1,0
Lumefantrine,aspartame,1,0
Lumefantrine,squalene,1,0
Lumefantrine,benzaldehyde,1,0
Lumefantrine,sodium_deoxycholate,1,1
Lumefantrine,cholic_acid,1,0
Lumefantrine,glycocholic_acid,1,1
Lumefantrine,sucrose_octaacetate,1,0
Lumefantrine,trans_anethole,1,1
Lumefantrine,indomethacin,1,1
Lumefantrine,terpinyl_butyrate,1,0
Lumefantrine,hydrocortisone,1,0
Lumefantrine,candesartan_cilexetil,1,1
Lumefantrine,neohesperidin_DC,1,0
Lumefantrine,ursodiol,1,0
Lumefantrine,diclofenac,1,0
Lumefantrine,eucalyptol,1,0
Lumefantrine,beta_carotene,1,0
Lumefantrine,menthol,1,0
Lumefantrine,alpha-terpineol,1,0
Lumefantrine,fenchyl_alcohol,1,0
Lumefantrine,biotin,1,0
Lumefantrine,xylitol,1,0
Lumefantrine,trans-cinnamic_acid,1,0
Lumefantrine,thimerosal,1,0
Lumefantrine,tyramine,1,0
Lumefantrine,fumaric_acid,1,0
Lumefantrine,congo_red,1,1
Lumefantrine,vanillin,1,0
Lumefantrine,saccharin,1,0
Lumefantrine,allantoin,1,0
Lumefantrine,vitamin_A_palmitate,1,1
Lumefantrine,acetylcholine_chloride,1,0
Lumefantrine,dibutyl_phthalate,1,0
Lumefantrine,trometamol,1,0
Lumefantrine,benzoyl_peroxide,1,0
Lumefantrine,triethyl_citrate,1,0
Lumefantrine,triacetin,1,0
Lumefantrine,glycerol,1,0
Lumefantrine,propylene_glycol,1,0
Lumefantrine,mebendazole,1,0
Lumefantrine,L-proline,1,0
Lumefantrine,L-lysine,1,0
Lumefantrine,L-ascorbic_acid,1,0
Lumefantrine,stearic_acid,1,0
Lumefantrine,(R)-(+)-Limonene,1,0
Lumefantrine,meglumine,1,0
Lumefantrine,hydrochlorothiazide,1,0
Lumefantrine,ketoprofen,1,0
Lumefantrine,memantine_hydrochloride,1,0
Lumefantrine,naproxen_sodium,1,0
Lumefantrine,D-sorbitol,1,0
Lumefantrine,tannic_acid,1,0
Lumefantrine,rhodamine_B,1,0
Lumefantrine,moxifloxacin,1,0
Lumefantrine,ciprofloxacin,1,0
Lumefantrine,certirizine,1,0
Lumefantrine,budesonide,1,0
Lumefantrine,etidronic_acid,1,0
Lumefantrine,emtricitabine,1,0
Lumefantrine,metoprolol(+)-tartrate,1,0
Lumefantrine,phenytoin,1,0
Lumefantrine,propranolol_hydrochloride,1,0
Lumefantrine,captan,1,0
Lumefantrine,neotame,1,0
Lumefantrine,alendronate_sodium,1,0
Lumefantrine,piroxicam,1,0
Lumefantrine,desipramine_hydrochloride,1,0
Lumefantrine,nadolol,1,0
Lumefantrine,omeprazole,1,0
Lumefantrine,labetalol_hydrochloride,1,0
Lumefantrine,prednisone,1,0
Lumefantrine,risperidone,1,0
Lumefantrine,fluconazole,1,0
Lumefantrine,methotrexate_hydrate,1,0
Lumefantrine,tenofovir_alafenamide,1,0
Lumefantrine,carbamazepine,1,0
Atovaquone,caffeine,1,0
Atovaquone,succinic_acid,1,0
Atovaquone,octyl_gallate,1,1
Atovaquone,DL-malic_acid,1,0
Atovaquone,adipic_acid,1,0
Atovaquone,Triazabicyclodecene,1,0
Atovaquone,DBU,1,0
Atovaquone,L-asparagine,1,0
Atovaquone,theobromine,1,0
Atovaquone,"3,3'-thiodipropionic_acid",1,0
Atovaquone,theophylline,1,0
Atovaquone,borneol,1,0
Atovaquone,cinnamaldehyde,1,0
Atovaquone,aspartame,1,0
Atovaquone,squalene,1,0
Atovaquone,benzaldehyde,1,0
Atovaquone,sodium_deoxycholate,1,0
Atovaquone,cholic_acid,1,0
Atovaquone,glycocholic_acid,1,0
Atovaquone,sucrose_octaacetate,1,1
Atovaquone,trans_anethole,1,0
Atovaquone,indomethacin,1,0
Atovaquone,terpinyl_butyrate,1,1
Atovaquone,hydrocortisone,1,0
Atovaquone,candesartan_cilexetil,1,0
Atovaquone,neohesperidin_DC,1,0
Atovaquone,ursodiol,1,0
Atovaquone,diclofenac,1,0
Atovaquone,eucalyptol,1,0
Atovaquone,beta_carotene,1,0
Atovaquone,menthol,1,0
Atovaquone,alpha-terpineol,1,0
Atovaquone,fenchyl_alcohol,1,0
Atovaquone,biotin,1,0
Atovaquone,xylitol,1,0
Atovaquone,trans-cinnamic_acid,1,0
Atovaquone,thimerosal,1,0
Atovaquone,tyramine,1,0
Atovaquone,fumaric_acid,1,0
Atovaquone,congo_red,1,1
Atovaquone,vanillin,1,0
Atovaquone,saccharin,1,0
Atovaquone,allantoin,1,0
Atovaquone,vitamin_A_palmitate,1,1
Atovaquone,acetylcholine_chloride,1,0
Atovaquone,dibutyl_phthalate,1,1
Atovaquone,trometamol,1,0
Atovaquone,benzoyl_peroxide,1,1
Atovaquone,triethyl_citrate,1,0
Atovaquone,triacetin,1,0
Atovaquone,glycerol,1,0
Atovaquone,propylene_glycol,1,0
Atovaquone,mebendazole,1,0
Atovaquone,L-proline,1,0
Atovaquone,L-lysine,1,0
Atovaquone,L-ascorbic_acid,1,0
Atovaquone,stearic_acid,1,0
Atovaquone,(R)-(+)-Limonene,1,0
Atovaquone,meglumine,1,0
Atovaquone,hydrochlorothiazide,1,0
Atovaquone,ketoprofen,1,0
Atovaquone,memantine_hydrochloride,1,0
Atovaquone,naproxen_sodium,1,0
Atovaquone,D-sorbitol,1,0
Atovaquone,tannic_acid,1,0
Atovaquone,rhodamine_B,1,0
Atovaquone,moxifloxacin,1,0
Atovaquone,ciprofloxacin,1,0
Atovaquone,certirizine,1,0
Atovaquone,budesonide,1,1
Atovaquone,etidronic_acid,1,0
Atovaquone,emtricitabine,1,0
Atovaquone,metoprolol(+)-tartrate,1,0
Atovaquone,phenytoin,1,0
Atovaquone,propranolol_hydrochloride,1,1
Atovaquone,captan,1,0
Atovaquone,neotame,1,0
Atovaquone,alendronate_sodium,1,0
Atovaquone,piroxicam,1,0
Atovaquone,desipramine_hydrochloride,1,1
Atovaquone,nadolol,1,0
Atovaquone,omeprazole,1,0
Atovaquone,labetalol_hydrochloride,1,0
Atovaquone,prednisone,1,0
Atovaquone,risperidone,1,1
Atovaquone,fluconazole,1,0
Atovaquone,methotrexate_hydrate,1,0
Atovaquone,tenofovir_alafenamide,1,0
Atovaquone,carbamazepine,1,0
Nelfinavir,caffeine,1,0
Nelfinavir,succinic_acid,1,0
Nelfinavir,DL-malic_acid,1,0
Nelfinavir,adipic_acid,1,0
Nelfinavir,Triazabicyclodecene,1,0
Nelfinavir,DBU,1,0
Nelfinavir,L-asparagine,1,0
Nelfinavir,theobromine,1,0
Nelfinavir,"3,3'-thiodipropionic_acid",1,0
Nelfinavir,theophylline,1,0
Nelfinavir,borneol,1,0
Nelfinavir,cinnamaldehyde,1,0
Nelfinavir,aspartame,1,0
Nelfinavir,squalene,1,0
Nelfinavir,benzaldehyde,1,0
Nelfinavir,sodium_deoxycholate,1,0
Nelfinavir,sucrose_octaacetate,1,0
Nelfinavir,trans_anethole,1,0
Nelfinavir,terpinyl_butyrate,1,0
Nelfinavir,hydrocortisone,1,0
Nelfinavir,neohesperidin_DC,1,0
Nelfinavir,diclofenac,1,0
Nelfinavir,eucalyptol,1,0
Nelfinavir,beta_carotene,1,0
Nelfinavir,menthol,1,0
Nelfinavir,alpha-terpineol,1,0
Nelfinavir,fenchyl_alcohol,1,0
Nelfinavir,biotin,1,0
Nelfinavir,xylitol,1,0
Nelfinavir,trans-cinnamic_acid,1,0
Nelfinavir,thimerosal,1,0
Nelfinavir,tyramine,1,0
Nelfinavir,fumaric_acid,1,0
Nelfinavir,vanillin,1,0
Nelfinavir,saccharin,1,0
Nelfinavir,allantoin,1,0
Nelfinavir,vitamin_A_palmitate,1,0
Nelfinavir,acetylcholine_chloride,1,0
Nelfinavir,dibutyl_phthalate,1,0
Nelfinavir,trometamol,1,0
Nelfinavir,benzoyl_peroxide,1,0
Nelfinavir,triethyl_citrate,1,0
Nelfinavir,triacetin,1,1
Nelfinavir,glycerol,1,0
Nelfinavir,propylene_glycol,1,0
Nelfinavir,mebendazole,1,0
Nelfinavir,L-proline,1,1
Nelfinavir,L-lysine,1,1
Nelfinavir,L-ascorbic_acid,1,0
Nelfinavir,stearic_acid,1,0
Nelfinavir,(R)-(+)-Limonene,1,0
Nelfinavir,meglumine,1,0
Nelfinavir,hydrochlorothiazide,1,1
Nelfinavir,ketoprofen,1,0
Nelfinavir,memantine_hydrochloride,1,1
Nelfinavir,naproxen_sodium,1,1
Nelfinavir,D-sorbitol,1,0
Nelfinavir,rhodamine_B,1,0
Nelfinavir,moxifloxacin,1,0
Nelfinavir,ciprofloxacin,1,0
Nelfinavir,certirizine,1,0
Nelfinavir,etidronic_acid,1,0
Nelfinavir,emtricitabine,1,0
Nelfinavir,metoprolol(+)-tartrate,1,1
Nelfinavir,phenytoin,1,0
Nelfinavir,propranolol_hydrochloride,1,0
Nelfinavir,captan,1,1
Nelfinavir,alendronate_sodium,1,1
Nelfinavir,piroxicam,1,1
Nelfinavir,desipramine_hydrochloride,1,1
Nelfinavir,nadolol,1,0
Nelfinavir,omeprazole,1,0
Nelfinavir,labetalol_hydrochloride,1,1
Nelfinavir,risperidone,1,1
Nelfinavir,fluconazole,1,1
Nelfinavir,methotrexate_hydrate,1,1
Nelfinavir,tenofovir_alafenamide,1,1
Nelfinavir,carbamazepine,1,1
Gefitinib,caffeine,1,0
Gefitinib,succinic_acid,1,0
Gefitinib,DL-malic_acid,1,0
Gefitinib,adipic_acid,1,0
Gefitinib,Triazabicyclodecene,1,0
Gefitinib,DBU,1,0
Gefitinib,L-asparagine,1,0
Gefitinib,theobromine,1,0
Gefitinib,"3,3'-thiodipropionic_acid",1,0
Gefitinib,theophylline,1,0
Gefitinib,borneol,1,0
Gefitinib,cinnamaldehyde,1,0
Gefitinib,aspartame,1,0
Gefitinib,squalene,1,0
Gefitinib,benzaldehyde,1,0
Gefitinib,sodium_deoxycholate,1,0
Gefitinib,sucrose_octaacetate,1,0
Gefitinib,trans_anethole,1,0
Gefitinib,terpinyl_butyrate,1,0
Gefitinib,hydrocortisone,1,0
Gefitinib,neohesperidin_DC,1,0
Gefitinib,diclofenac,1,0
Gefitinib,eucalyptol,1,0
Gefitinib,beta_carotene,1,0
Gefitinib,menthol,1,0
Gefitinib,alpha-terpineol,1,0
Gefitinib,fenchyl_alcohol,1,0
Gefitinib,biotin,1,0
Gefitinib,xylitol,1,0
Gefitinib,trans-cinnamic_acid,1,0
Gefitinib,thimerosal,1,0
Gefitinib,tyramine,1,0
Gefitinib,fumaric_acid,1,0
Gefitinib,vanillin,1,0
Gefitinib,saccharin,1,0
Gefitinib,allantoin,1,0
Gefitinib,vitamin_A_palmitate,1,0
Gefitinib,acetylcholine_chloride,1,0
Gefitinib,dibutyl_phthalate,1,0
Gefitinib,trometamol,1,0
Gefitinib,benzoyl_peroxide,1,0
Gefitinib,triethyl_citrate,1,0
Gefitinib,triacetin,1,0
Gefitinib,glycerol,1,0
Gefitinib,propylene_glycol,1,0
Gefitinib,mebendazole,1,0
Gefitinib,L-proline,1,0
Gefitinib,L-lysine,1,0
Gefitinib,L-ascorbic_acid,1,0
Gefitinib,stearic_acid,1,0
Gefitinib,(R)-(+)-Limonene,1,0
Gefitinib,meglumine,1,0
Gefitinib,hydrochlorothiazide,1,0
Gefitinib,ketoprofen,1,0
Gefitinib,memantine_hydrochloride,1,0
Gefitinib,naproxen_sodium,1,0
Gefitinib,D-sorbitol,1,0
Gefitinib,rhodamine_B,1,0
Gefitinib,moxifloxacin,1,0
Gefitinib,ciprofloxacin,1,0
Gefitinib,certirizine,1,0
Gefitinib,etidronic_acid,1,0
Gefitinib,emtricitabine,1,0
Gefitinib,metoprolol(+)-tartrate,1,0
Gefitinib,phenytoin,1,0
Gefitinib,propranolol_hydrochloride,1,0
Gefitinib,captan,1,0
Gefitinib,alendronate_sodium,1,0
Gefitinib,piroxicam,1,0
Gefitinib,desipramine_hydrochloride,1,0
Gefitinib,nadolol,1,0
Gefitinib,omeprazole,1,0
Gefitinib,labetalol_hydrochloride,1,0
Gefitinib,risperidone,1,0
Gefitinib,fluconazole,1,0
Gefitinib,methotrexate_hydrate,1,0
Gefitinib,tenofovir_alafenamide,1,0
Gefitinib,carbamazepine,1,0
Fulvestrant,caffeine,1,0
Fulvestrant,succinic_acid,1,0
Fulvestrant,DL-malic_acid,1,0
Fulvestrant,adipic_acid,1,0
Fulvestrant,Triazabicyclodecene,1,0
Fulvestrant,DBU,1,0
Fulvestrant,L-asparagine,1,0
Fulvestrant,theobromine,1,0
Fulvestrant,"3,3'-thiodipropionic_acid",1,1
Fulvestrant,theophylline,1,0
Fulvestrant,borneol,1,0
Fulvestrant,cinnamaldehyde,1,0
Fulvestrant,aspartame,1,0
Fulvestrant,squalene,1,0
Fulvestrant,benzaldehyde,1,0
Fulvestrant,sodium_deoxycholate,1,1
Fulvestrant,sucrose_octaacetate,1,0
Fulvestrant,trans_anethole,1,1
Fulvestrant,terpinyl_butyrate,1,0
Fulvestrant,hydrocortisone,1,0
Fulvestrant,neohesperidin_DC,1,0
Fulvestrant,diclofenac,1,0
Fulvestrant,eucalyptol,1,0
Fulvestrant,beta_carotene,1,1
Fulvestrant,menthol,1,0
Fulvestrant,alpha-terpineol,1,0
Fulvestrant,fenchyl_alcohol,1,0
Fulvestrant,biotin,1,0
Fulvestrant,xylitol,1,0
Fulvestrant,trans-cinnamic_acid,1,0
Fulvestrant,thimerosal,1,0
Fulvestrant,tyramine,1,0
Fulvestrant,fumaric_acid,1,0
Fulvestrant,vanillin,1,0
Fulvestrant,saccharin,1,0
Fulvestrant,allantoin,1,0
Fulvestrant,vitamin_A_palmitate,1,1
Fulvestrant,acetylcholine_chloride,1,0
Fulvestrant,dibutyl_phthalate,1,0
Fulvestrant,trometamol,1,0
Fulvestrant,benzoyl_peroxide,1,0
Fulvestrant,triethyl_citrate,1,0
Fulvestrant,triacetin,1,0
Fulvestrant,glycerol,1,0
Fulvestrant,propylene_glycol,1,0
Fulvestrant,mebendazole,1,0
Fulvestrant,L-proline,1,0
Fulvestrant,L-lysine,1,0
Fulvestrant,L-ascorbic_acid,1,0
Fulvestrant,stearic_acid,1,0
Fulvestrant,(R)-(+)-Limonene,1,0
Fulvestrant,meglumine,1,0
Fulvestrant,hydrochlorothiazide,1,0
Fulvestrant,ketoprofen,1,0
Fulvestrant,memantine_hydrochloride,1,0
Fulvestrant,naproxen_sodium,1,0
Fulvestrant,D-sorbitol,1,0
Fulvestrant,rhodamine_B,1,0
Fulvestrant,moxifloxacin,1,0
Fulvestrant,ciprofloxacin,1,0
Fulvestrant,certirizine,1,0
Fulvestrant,etidronic_acid,1,0
Fulvestrant,emtricitabine,1,0
Fulvestrant,metoprolol(+)-tartrate,1,0
Fulvestrant,phenytoin,1,0
Fulvestrant,propranolol_hydrochloride,1,0
Fulvestrant,captan,1,0
Fulvestrant,alendronate_sodium,1,0
Fulvestrant,piroxicam,1,0
Fulvestrant,desipramine_hydrochloride,1,0
Fulvestrant,nadolol,1,0
Fulvestrant,omeprazole,1,0
Fulvestrant,labetalol_hydrochloride,1,0
Fulvestrant,risperidone,1,0
Fulvestrant,fluconazole,1,0
Fulvestrant,methotrexate_hydrate,1,0
Fulvestrant,tenofovir_alafenamide,1,0
Fulvestrant,carbamazepine,1,0
Rapamycin,caffeine,1,0
Rapamycin,succinic_acid,1,0
Rapamycin,octyl_gallate,1,0
Rapamycin,DL-malic_acid,1,0
Rapamycin,adipic_acid,1,0
Rapamycin,Triazabicyclodecene,1,0
Rapamycin,DBU,1,0
Rapamycin,L-asparagine,1,0
Rapamycin,theobromine,1,0
Rapamycin,"3,3'-thiodipropionic_acid",1,0
Rapamycin,theophylline,1,0
Rapamycin,borneol,1,0
Rapamycin,cinnamaldehyde,1,0
Rapamycin,aspartame,1,0
Rapamycin,squalene,1,0
Rapamycin,benzaldehyde,1,0
Rapamycin,sodium_deoxycholate,1,0
Rapamycin,cholic_acid,1,0
Rapamycin,glycocholic_acid,1,0
Rapamycin,sucrose_octaacetate,1,0
Rapamycin,trans_anethole,1,0
Rapamycin,indomethacin,1,0
Rapamycin,terpinyl_butyrate,1,0
Rapamycin,hydrocortisone,1,0
Rapamycin,candesartan_cilexetil,1,1
Rapamycin,neohesperidin_DC,1,0
Rapamycin,ursodiol,1,0
Rapamycin,diclofenac,1,0
Rapamycin,eucalyptol,1,0
Rapamycin,beta_carotene,1,0
Rapamycin,menthol,1,0
Rapamycin,alpha-terpineol,1,0
Rapamycin,fenchyl_alcohol,1,0
Rapamycin,biotin,1,0
Rapamycin,xylitol,1,0
Rapamycin,trans-cinnamic_acid,1,0
Rapamycin,thimerosal,1,0
Rapamycin,tyramine,1,0
Rapamycin,fumaric_acid,1,0
Rapamycin,congo_red,1,1
Rapamycin,vanillin,1,0
Rapamycin,saccharin,1,0
Rapamycin,allantoin,1,0
Rapamycin,vitamin_A_palmitate,1,1
Rapamycin,acetylcholine_chloride,1,0
Rapamycin,dibutyl_phthalate,1,0
Rapamycin,trometamol,1,0
Rapamycin,benzoyl_peroxide,1,0
Rapamycin,triethyl_citrate,1,0
Rapamycin,triacetin,1,0
Rapamycin,glycerol,1,0
Rapamycin,propylene_glycol,1,0
Rapamycin,mebendazole,1,0
Rapamycin,L-proline,1,0
Rapamycin,L-lysine,1,0
Rapamycin,L-ascorbic_acid,1,0
Rapamycin,stearic_acid,1,0
Rapamycin,(R)-(+)-Limonene,1,0
Rapamycin,meglumine,1,0
Rapamycin,hydrochlorothiazide,1,0
Rapamycin,ketoprofen,1,0
Rapamycin,memantine_hydrochloride,1,0
Rapamycin,naproxen_sodium,1,0
Rapamycin,D-sorbitol,1,0
Rapamycin,tannic_acid,1,0
Rapamycin,rhodamine_B,1,0
Rapamycin,moxifloxacin,1,0
Rapamycin,ciprofloxacin,1,0
Rapamycin,certirizine,1,0
Rapamycin,budesonide,1,0
Rapamycin,etidronic_acid,1,0
Rapamycin,emtricitabine,1,0
Rapamycin,metoprolol(+)-tartrate,1,0
Rapamycin,phenytoin,1,0
Rapamycin,propranolol_hydrochloride,1,0
Rapamycin,captan,1,0
Rapamycin,neotame,1,0
Rapamycin,alendronate_sodium,1,0
Rapamycin,piroxicam,1,0
Rapamycin,desipramine_hydrochloride,1,0
Rapamycin,nadolol,1,0
Rapamycin,omeprazole,1,0
Rapamycin,labetalol_hydrochloride,1,0
Rapamycin,prednisone,1,0
Rapamycin,risperidone,1,0
Rapamycin,fluconazole,1,0
Rapamycin,methotrexate_hydrate,1,0
Rapamycin,tenofovir_alafenamide,1,0
Rapamycin,carbamazepine,1,0
Rilpivirine,caffeine,1,0
Rilpivirine,succinic_acid,1,0
Rilpivirine,octyl_gallate,1,0
Rilpivirine,DL-malic_acid,1,0
Rilpivirine,adipic_acid,1,0
Rilpivirine,Triazabicyclodecene,1,0
Rilpivirine,DBU,1,0
Rilpivirine,L-asparagine,1,0
Rilpivirine,theobromine,1,0
Rilpivirine,"3,3'-thiodipropionic_acid",1,0
Rilpivirine,theophylline,1,0
Rilpivirine,borneol,1,0
Rilpivirine,cinnamaldehyde,1,0
Rilpivirine,aspartame,1,0
Rilpivirine,squalene,1,0
Rilpivirine,benzaldehyde,1,0
Rilpivirine,sodium_deoxycholate,1,1
Rilpivirine,cholic_acid,1,0
Rilpivirine,glycocholic_acid,1,0
Rilpivirine,sucrose_octaacetate,1,0
Rilpivirine,trans_anethole,1,0
Rilpivirine,indomethacin,1,0
Rilpivirine,terpinyl_butyrate,1,0
Rilpivirine,hydrocortisone,1,0
Rilpivirine,candesartan_cilexetil,1,1
Rilpivirine,neohesperidin_DC,1,0
Rilpivirine,ursodiol,1,0
Rilpivirine,diclofenac,1,0
Rilpivirine,eucalyptol,1,0
Rilpivirine,beta_carotene,1,0
Rilpivirine,menthol,1,0
Rilpivirine,alpha-terpineol,1,0
Rilpivirine,fenchyl_alcohol,1,0
Rilpivirine,biotin,1,0
Rilpivirine,xylitol,1,0
Rilpivirine,trans-cinnamic_acid,1,0
Rilpivirine,thimerosal,1,0
Rilpivirine,tyramine,1,0
Rilpivirine,fumaric_acid,1,0
Rilpivirine,congo_red,1,1
Rilpivirine,vanillin,1,0
Rilpivirine,saccharin,1,0
Rilpivirine,allantoin,1,0
Rilpivirine,vitamin_A_palmitate,1,1
Rilpivirine,acetylcholine_chloride,1,0
Rilpivirine,dibutyl_phthalate,1,0
Rilpivirine,trometamol,1,0
Rilpivirine,benzoyl_peroxide,1,0
Rilpivirine,triethyl_citrate,1,0
Rilpivirine,triacetin,1,0
Rilpivirine,glycerol,1,0
Rilpivirine,propylene_glycol,1,0
Rilpivirine,mebendazole,1,0
Rilpivirine,L-proline,1,0
Rilpivirine,L-lysine,1,0
Rilpivirine,L-ascorbic_acid,1,0
Rilpivirine,stearic_acid,1,0
Rilpivirine,(R)-(+)-Limonene,1,0
Rilpivirine,meglumine,1,0
Rilpivirine,hydrochlorothiazide,1,0
Rilpivirine,ketoprofen,1,1
Rilpivirine,memantine_hydrochloride,1,0
Rilpivirine,naproxen_sodium,1,1
Rilpivirine,D-sorbitol,1,0
Rilpivirine,tannic_acid,1,0
Rilpivirine,rhodamine_B,1,0
Rilpivirine,moxifloxacin,1,0
Rilpivirine,ciprofloxacin,1,0
Rilpivirine,certirizine,1,0
Rilpivirine,budesonide,1,0
Rilpivirine,etidronic_acid,1,0
Rilpivirine,emtricitabine,1,0
Rilpivirine,metoprolol(+)-tartrate,1,0
Rilpivirine,phenytoin,1,0
Rilpivirine,propranolol_hydrochloride,1,0
Rilpivirine,captan,1,0
Rilpivirine,neotame,1,0
Rilpivirine,alendronate_sodium,1,0
Rilpivirine,piroxicam,1,0
Rilpivirine,desipramine_hydrochloride,1,0
Rilpivirine,nadolol,1,0
Rilpivirine,omeprazole,1,0
Rilpivirine,labetalol_hydrochloride,1,0
Rilpivirine,prednisone,1,0
Rilpivirine,risperidone,1,0
Rilpivirine,fluconazole,1,0
Rilpivirine,methotrexate_hydrate,1,0
Rilpivirine,tenofovir_alafenamide,1,0
Rilpivirine,carbamazepine,1,0
Econazole,caffeine,1,0
Econazole,succinic_acid,1,0
Econazole,octyl_gallate,1,0
Econazole,DL-malic_acid,1,0
Econazole,adipic_acid,1,0
Econazole,Triazabicyclodecene,1,0
Econazole,DBU,1,0
Econazole,L-asparagine,1,0
Econazole,theobromine,1,0
Econazole,"3,3'-thiodipropionic_acid",1,0
Econazole,theophylline,1,0
Econazole,borneol,1,0
Econazole,cinnamaldehyde,1,0
Econazole,aspartame,1,0
Econazole,squalene,1,0
Econazole,benzaldehyde,1,0
Econazole,sodium_deoxycholate,1,0
Econazole,cholic_acid,1,0
Econazole,glycocholic_acid,1,0
Econazole,sucrose_octaacetate,1,0
Econazole,trans_anethole,1,0
Econazole,indomethacin,1,0
Econazole,terpinyl_butyrate,1,0
Econazole,hydrocortisone,1,0
Econazole,candesartan_cilexetil,1,0
Econazole,neohesperidin_DC,1,0
Econazole,ursodiol,1,0
Econazole,diclofenac,1,0
Econazole,eucalyptol,1,0
Econazole,beta_carotene,1,0
Econazole,menthol,1,1
Econazole,alpha-terpineol,1,0
Econazole,fenchyl_alcohol,1,0
Econazole,biotin,1,0
Econazole,xylitol,1,0
Econazole,trans-cinnamic_acid,1,0
Econazole,thimerosal,1,0
Econazole,tyramine,1,0
Econazole,fumaric_acid,1,0
Econazole,congo_red,1,1
Econazole,vanillin,1,0
Econazole,saccharin,1,0
Econazole,allantoin,1,0
Econazole,vitamin_A_palmitate,1,0
Econazole,acetylcholine_chloride,1,0
Econazole,dibutyl_phthalate,1,0
Econazole,trometamol,1,0
Econazole,benzoyl_peroxide,1,0
Econazole,triethyl_citrate,1,0
Econazole,triacetin,1,0
Econazole,glycerol,1,0
Econazole,propylene_glycol,1,0
Econazole,mebendazole,1,1
Econazole,L-proline,1,0
Econazole,L-lysine,1,0
Econazole,L-ascorbic_acid,1,0
Econazole,stearic_acid,1,0
Econazole,(R)-(+)-Limonene,1,0
Econazole,meglumine,1,0
Econazole,hydrochlorothiazide,1,0
Econazole,ketoprofen,1,0
Econazole,memantine_hydrochloride,1,0
Econazole,naproxen_sodium,1,0
Econazole,D-sorbitol,1,0
Econazole,tannic_acid,1,0
Econazole,rhodamine_B,1,0
Econazole,moxifloxacin,1,0
Econazole,ciprofloxacin,1,0
Econazole,certirizine,1,0
Econazole,budesonide,1,1
Econazole,etidronic_acid,1,0
Econazole,emtricitabine,1,0
Econazole,metoprolol(+)-tartrate,1,1
Econazole,phenytoin,1,0
Econazole,propranolol_hydrochloride,1,0
Econazole,captan,1,0
Econazole,neotame,1,1
Econazole,alendronate_sodium,1,0
Econazole,piroxicam,1,0
Econazole,desipramine_hydrochloride,1,0
Econazole,nadolol,1,0
Econazole,omeprazole,1,1
Econazole,labetalol_hydrochloride,1,0
Econazole,prednisone,1,0
Econazole,risperidone,1,0
Econazole,fluconazole,1,0
Econazole,methotrexate_hydrate,1,1
Econazole,tenofovir_alafenamide,1,1
Econazole,carbamazepine,1,0
Chlorpromazine_Hcl,caffeine,1,0
Chlorpromazine_Hcl,succinic_acid,1,0
Chlorpromazine_Hcl,octyl_gallate,1,0
Chlorpromazine_Hcl,DL-malic_acid,1,0
Chlorpromazine_Hcl,adipic_acid,1,0
Chlorpromazine_Hcl,Triazabicyclodecene,1,0
Chlorpromazine_Hcl,DBU,1,0
Chlorpromazine_Hcl,L-asparagine,1,0
Chlorpromazine_Hcl,theobromine,1,0
Chlorpromazine_Hcl,"3,3'-thiodipropionic_acid",1,0
Chlorpromazine_Hcl,theophylline,1,0
Chlorpromazine_Hcl,borneol,1,0
Chlorpromazine_Hcl,cinnamaldehyde,1,0
Chlorpromazine_Hcl,aspartame,1,0
Chlorpromazine_Hcl,squalene,1,0
Chlorpromazine_Hcl,benzaldehyde,1,0
Chlorpromazine_Hcl,sodium_deoxycholate,1,0
Chlorpromazine_Hcl,cholic_acid,1,0
Chlorpromazine_Hcl,glycocholic_acid,1,1
Chlorpromazine_Hcl,sucrose_octaacetate,1,0
Chlorpromazine_Hcl,trans_anethole,1,0
Chlorpromazine_Hcl,indomethacin,1,0
Chlorpromazine_Hcl,terpinyl_butyrate,1,1
Chlorpromazine_Hcl,hydrocortisone,1,0
Chlorpromazine_Hcl,candesartan_cilexetil,1,1
Chlorpromazine_Hcl,neohesperidin_DC,1,0
Chlorpromazine_Hcl,ursodiol,1,0
Chlorpromazine_Hcl,diclofenac,1,0
Chlorpromazine_Hcl,eucalyptol,1,0
Chlorpromazine_Hcl,beta_carotene,1,0
Chlorpromazine_Hcl,menthol,1,0
Chlorpromazine_Hcl,alpha-terpineol,1,0
Chlorpromazine_Hcl,fenchyl_alcohol,1,0
Chlorpromazine_Hcl,biotin,1,0
Chlorpromazine_Hcl,xylitol,1,0
Chlorpromazine_Hcl,trans-cinnamic_acid,1,0
Chlorpromazine_Hcl,thimerosal,1,0
Chlorpromazine_Hcl,tyramine,1,0
Chlorpromazine_Hcl,fumaric_acid,1,0
Chlorpromazine_Hcl,congo_red,1,1
Chlorpromazine_Hcl,vanillin,1,0
Chlorpromazine_Hcl,saccharin,1,0
Chlorpromazine_Hcl,allantoin,1,0
Chlorpromazine_Hcl,vitamin_A_palmitate,1,0
Chlorpromazine_Hcl,acetylcholine_chloride,1,0
Chlorpromazine_Hcl,dibutyl_phthalate,1,0
Chlorpromazine_Hcl,trometamol,1,0
Chlorpromazine_Hcl,benzoyl_peroxide,1,0
Chlorpromazine_Hcl,triethyl_citrate,1,0
Chlorpromazine_Hcl,triacetin,1,0
Chlorpromazine_Hcl,glycerol,1,0
Chlorpromazine_Hcl,propylene_glycol,1,0
Chlorpromazine_Hcl,mebendazole,1,0
Chlorpromazine_Hcl,L-proline,1,0
Chlorpromazine_Hcl,L-lysine,1,0
Chlorpromazine_Hcl,L-ascorbic_acid,1,0
Chlorpromazine_Hcl,stearic_acid,1,0
Chlorpromazine_Hcl,(R)-(+)-Limonene,1,0
Chlorpromazine_Hcl,meglumine,1,0
Chlorpromazine_Hcl,hydrochlorothiazide,1,0
Chlorpromazine_Hcl,ketoprofen,1,0
Chlorpromazine_Hcl,memantine_hydrochloride,1,0
Chlorpromazine_Hcl,naproxen_sodium,1,0
Chlorpromazine_Hcl,D-sorbitol,1,0
Chlorpromazine_Hcl,tannic_acid,1,1
Chlorpromazine_Hcl,rhodamine_B,1,0
Chlorpromazine_Hcl,moxifloxacin,1,0
Chlorpromazine_Hcl,ciprofloxacin,1,0
Chlorpromazine_Hcl,certirizine,1,0
Chlorpromazine_Hcl,budesonide,1,0
Chlorpromazine_Hcl,etidronic_acid,1,0
Chlorpromazine_Hcl,emtricitabine,1,0
Chlorpromazine_Hcl,metoprolol(+)-tartrate,1,0
Chlorpromazine_Hcl,phenytoin,1,0
Chlorpromazine_Hcl,propranolol_hydrochloride,1,0
Chlorpromazine_Hcl,captan,1,0
Chlorpromazine_Hcl,neotame,1,0
Chlorpromazine_Hcl,alendronate_sodium,1,0
Chlorpromazine_Hcl,piroxicam,1,0
Chlorpromazine_Hcl,desipramine_hydrochloride,1,0
Chlorpromazine_Hcl,nadolol,1,0
Chlorpromazine_Hcl,omeprazole,1,0
Chlorpromazine_Hcl,labetalol_hydrochloride,1,0
Chlorpromazine_Hcl,prednisone,1,0
Chlorpromazine_Hcl,risperidone,1,0
Chlorpromazine_Hcl,fluconazole,1,0
Chlorpromazine_Hcl,methotrexate_hydrate,1,0
Chlorpromazine_Hcl,tenofovir_alafenamide,1,0
Chlorpromazine_Hcl,carbamazepine,1,0
Taxol,caffeine,1,0
Taxol,succinic_acid,1,0
Taxol,DL-malic_acid,1,0
Taxol,adipic_acid,1,0
Taxol,Triazabicyclodecene,1,0
Taxol,DBU,1,0
Taxol,L-asparagine,1,0
Taxol,theobromine,1,0
Taxol,"3,3'-thiodipropionic_acid",1,0
Taxol,theophylline,1,0
Taxol,borneol,1,0
Taxol,cinnamaldehyde,1,0
Taxol,aspartame,1,0
Taxol,squalene,1,0
Taxol,benzaldehyde,1,0
Taxol,sodium_deoxycholate,1,0
Taxol,sucrose_octaacetate,1,0
Taxol,trans_anethole,1,0
Taxol,terpinyl_butyrate,1,0
Taxol,hydrocortisone,1,0
Taxol,neohesperidin_DC,1,0
Taxol,diclofenac,1,0
Taxol,eucalyptol,1,0
Taxol,beta_carotene,1,0
Taxol,menthol,1,0
Taxol,alpha-terpineol,1,0
Taxol,fenchyl_alcohol,1,0
Taxol,biotin,1,0
Taxol,xylitol,1,0
Taxol,trans-cinnamic_acid,1,0
Taxol,thimerosal,1,0
Taxol,tyramine,1,0
Taxol,fumaric_acid,1,0
Taxol,vanillin,1,0
Taxol,saccharin,1,0
Taxol,allantoin,1,0
Taxol,vitamin_A_palmitate,1,0
Taxol,acetylcholine_chloride,1,0
Taxol,dibutyl_phthalate,1,0
Taxol,trometamol,1,0
Taxol,benzoyl_peroxide,1,0
Taxol,triethyl_citrate,1,0
Taxol,triacetin,1,0
Taxol,glycerol,1,0
Taxol,propylene_glycol,1,0
Taxol,mebendazole,1,0
Taxol,L-proline,1,0
Taxol,L-lysine,1,0
Taxol,L-ascorbic_acid,1,0
Taxol,stearic_acid,1,0
Taxol,(R)-(+)-Limonene,1,0
Taxol,meglumine,1,0
Taxol,hydrochlorothiazide,1,0
Taxol,ketoprofen,1,0
Taxol,memantine_hydrochloride,1,0
Taxol,naproxen_sodium,1,0
Taxol,D-sorbitol,1,0
Taxol,rhodamine_B,1,0
Taxol,moxifloxacin,1,0
Taxol,ciprofloxacin,1,0
Taxol,certirizine,1,0
Taxol,etidronic_acid,1,0
Taxol,emtricitabine,1,0
Taxol,metoprolol(+)-tartrate,1,0
Taxol,phenytoin,1,0
Taxol,propranolol_hydrochloride,1,0
Taxol,captan,1,0
Taxol,alendronate_sodium,1,0
Taxol,piroxicam,1,0
Taxol,desipramine_hydrochloride,1,0
Taxol,nadolol,1,0
Taxol,omeprazole,1,0
Taxol,labetalol_hydrochloride,1,0
Taxol,risperidone,1,0
Taxol,fluconazole,1,0
Taxol,methotrexate_hydrate,1,0
Taxol,tenofovir_alafenamide,1,0
Taxol,carbamazepine,1,0
Physcion,caffeine,1,0
Physcion,succinic_acid,1,0
Physcion,octyl_gallate,1,0
Physcion,DL-malic_acid,1,0
Physcion,adipic_acid,1,0
Physcion,Triazabicyclodecene,1,0
Physcion,DBU,1,0
Physcion,L-asparagine,1,0
Physcion,theobromine,1,0
Physcion,"3,3'-thiodipropionic_acid",1,0
Physcion,theophylline,1,0
Physcion,borneol,1,0
Physcion,cinnamaldehyde,1,0
Physcion,aspartame,1,0
Physcion,squalene,1,0
Physcion,benzaldehyde,1,0
Physcion,sodium_deoxycholate,1,0
Physcion,cholic_acid,1,0
Physcion,glycocholic_acid,1,0
Physcion,sucrose_octaacetate,1,0
Physcion,trans_anethole,1,0
Physcion,indomethacin,1,1
Physcion,terpinyl_butyrate,1,0
Physcion,hydrocortisone,1,0
Physcion,candesartan_cilexetil,1,0
Physcion,neohesperidin_DC,1,0
Physcion,ursodiol,1,0
Physcion,diclofenac,1,0
Physcion,eucalyptol,1,0
Physcion,beta_carotene,1,1
Physcion,menthol,1,0
Physcion,alpha-terpineol,1,0
Physcion,fenchyl_alcohol,1,0
Physcion,biotin,1,0
Physcion,xylitol,1,0
Physcion,trans-cinnamic_acid,1,0
Physcion,thimerosal,1,0
Physcion,tyramine,1,0
Physcion,fumaric_acid,1,0
Physcion,congo_red,1,0
Physcion,vanillin,1,0
Physcion,saccharin,1,0
Physcion,allantoin,1,0
Physcion,vitamin_A_palmitate,1,0
Physcion,acetylcholine_chloride,1,0
Physcion,dibutyl_phthalate,1,0
Physcion,trometamol,1,0
Physcion,benzoyl_peroxide,1,0
Physcion,triethyl_citrate,1,0
Physcion,triacetin,1,0
Physcion,glycerol,1,0
Physcion,propylene_glycol,1,0
Physcion,mebendazole,1,0
Physcion,L-proline,1,0
Physcion,L-lysine,1,0
Physcion,L-ascorbic_acid,1,0
Physcion,stearic_acid,1,0
Physcion,(R)-(+)-Limonene,1,0
Physcion,meglumine,1,0
Physcion,hydrochlorothiazide,1,0
Physcion,ketoprofen,1,0
Physcion,memantine_hydrochloride,1,0
Physcion,naproxen_sodium,1,0
Physcion,D-sorbitol,1,0
Physcion,tannic_acid,1,0
Physcion,rhodamine_B,1,0
Physcion,moxifloxacin,1,0
Physcion,ciprofloxacin,1,0
Physcion,certirizine,1,0
Physcion,budesonide,1,0
Physcion,etidronic_acid,1,0
Physcion,emtricitabine,1,0
Physcion,metoprolol(+)-tartrate,1,0
Physcion,phenytoin,1,0
Physcion,propranolol_hydrochloride,1,0
Physcion,captan,1,0
Physcion,neotame,1,0
Physcion,alendronate_sodium,1,0
Physcion,piroxicam,1,0
Physcion,desipramine_hydrochloride,1,0
Physcion,nadolol,1,0
Physcion,omeprazole,1,0
Physcion,labetalol_hydrochloride,1,0
Physcion,prednisone,1,0
Physcion,risperidone,1,0
Physcion,fluconazole,1,0
Physcion,methotrexate_hydrate,1,0
Physcion,tenofovir_alafenamide,1,0
Physcion,carbamazepine,1,0
Curcumine,caffeine,1,0
Curcumine,succinic_acid,1,0
Curcumine,octyl_gallate,1,0
Curcumine,DL-malic_acid,1,0
Curcumine,adipic_acid,1,0
Curcumine,Triazabicyclodecene,1,0
Curcumine,DBU,1,0
Curcumine,L-asparagine,1,0
Curcumine,theobromine,1,0
Curcumine,"3,3'-thiodipropionic_acid",1,0
Curcumine,theophylline,1,0
Curcumine,borneol,1,0
Curcumine,cinnamaldehyde,1,0
Curcumine,aspartame,1,0
Curcumine,squalene,1,0
Curcumine,benzaldehyde,1,0
Curcumine,sodium_deoxycholate,1,0
Curcumine,cholic_acid,1,0
Curcumine,glycocholic_acid,1,0
Curcumine,sucrose_octaacetate,1,0
Curcumine,trans_anethole,1,0
Curcumine,indomethacin,1,0
Curcumine,terpinyl_butyrate,1,0
Curcumine,hydrocortisone,1,0
Curcumine,candesartan_cilexetil,1,1
Curcumine,neohesperidin_DC,1,0
Curcumine,ursodiol,1,0
Curcumine,diclofenac,1,0
Curcumine,eucalyptol,1,0
Curcumine,beta_carotene,1,0
Curcumine,menthol,1,0
Curcumine,alpha-terpineol,1,0
Curcumine,fenchyl_alcohol,1,0
Curcumine,biotin,1,0
Curcumine,xylitol,1,0
Curcumine,trans-cinnamic_acid,1,1
Curcumine,thimerosal,1,0
Curcumine,tyramine,1,0
Curcumine,fumaric_acid,1,0
Curcumine,congo_red,1,0
Curcumine,vanillin,1,0
Curcumine,saccharin,1,0
Curcumine,allantoin,1,0
Curcumine,vitamin_A_palmitate,1,0
Curcumine,acetylcholine_chloride,1,0
Curcumine,dibutyl_phthalate,1,0
Curcumine,trometamol,1,0
Curcumine,benzoyl_peroxide,1,0
Curcumine,triethyl_citrate,1,0
Curcumine,triacetin,1,0
Curcumine,glycerol,1,0
Curcumine,propylene_glycol,1,0
Curcumine,mebendazole,1,0
Curcumine,L-proline,1,0
Curcumine,L-lysine,1,0
Curcumine,L-ascorbic_acid,1,0
Curcumine,stearic_acid,1,0
Curcumine,(R)-(+)-Limonene,1,0
Curcumine,meglumine,1,0
Curcumine,hydrochlorothiazide,1,0
Curcumine,ketoprofen,1,0
Curcumine,memantine_hydrochloride,1,0
Curcumine,naproxen_sodium,1,0
Curcumine,D-sorbitol,1,0
Curcumine,tannic_acid,1,0
Curcumine,rhodamine_B,1,0
Curcumine,moxifloxacin,1,0
Curcumine,ciprofloxacin,1,0
Curcumine,certirizine,1,0
Curcumine,budesonide,1,0
Curcumine,etidronic_acid,1,0
Curcumine,emtricitabine,1,0
Curcumine,metoprolol(+)-tartrate,1,0
Curcumine,phenytoin,1,0
Curcumine,propranolol_hydrochloride,1,0
Curcumine,captan,1,0
Curcumine,neotame,1,0
Curcumine,alendronate_sodium,1,0
Curcumine,piroxicam,1,0
Curcumine,desipramine_hydrochloride,1,0
Curcumine,nadolol,1,0
Curcumine,omeprazole,1,0
Curcumine,labetalol_hydrochloride,1,0
Curcumine,prednisone,1,0
Curcumine,risperidone,1,0
Curcumine,fluconazole,1,0
Curcumine,methotrexate_hydrate,1,0
Curcumine,tenofovir_alafenamide,1,0
Curcumine,carbamazepine,1,0
Etravirine,caffeine,1,0
Etravirine,succinic_acid,1,0
Etravirine,octyl_gallate,1,0
Etravirine,DL-malic_acid,1,0
Etravirine,adipic_acid,1,0
Etravirine,Triazabicyclodecene,1,0
Etravirine,DBU,1,0
Etravirine,L-asparagine,1,0
Etravirine,theobromine,1,0
Etravirine,"3,3'-thiodipropionic_acid",1,0
Etravirine,theophylline,1,0
Etravirine,borneol,1,0
Etravirine,cinnamaldehyde,1,0
Etravirine,aspartame,1,0
Etravirine,squalene,1,0
Etravirine,benzaldehyde,1,0
Etravirine,sodium_deoxycholate,1,0
Etravirine,cholic_acid,1,0
Etravirine,glycocholic_acid,1,0
Etravirine,sucrose_octaacetate,1,0
Etravirine,trans_anethole,1,0
Etravirine,indomethacin,1,1
Etravirine,terpinyl_butyrate,1,0
Etravirine,hydrocortisone,1,0
Etravirine,candesartan_cilexetil,1,1
Etravirine,neohesperidin_DC,1,0
Etravirine,ursodiol,1,0
Etravirine,diclofenac,1,0
Etravirine,eucalyptol,1,0
Etravirine,beta_carotene,1,1
Etravirine,menthol,1,0
Etravirine,alpha-terpineol,1,0
Etravirine,fenchyl_alcohol,1,0
Etravirine,biotin,1,0
Etravirine,xylitol,1,0
Etravirine,trans-cinnamic_acid,1,0
Etravirine,thimerosal,1,0
Etravirine,tyramine,1,0
Etravirine,fumaric_acid,1,0
Etravirine,congo_red,1,0
Etravirine,vanillin,1,0
Etravirine,saccharin,1,0
Etravirine,allantoin,1,0
Etravirine,vitamin_A_palmitate,1,0
Etravirine,acetylcholine_chloride,1,0
Etravirine,dibutyl_phthalate,1,0
Etravirine,trometamol,1,0
Etravirine,benzoyl_peroxide,1,0
Etravirine,triethyl_citrate,1,0
Etravirine,triacetin,1,0
Etravirine,glycerol,1,0
Etravirine,propylene_glycol,1,0
Etravirine,mebendazole,1,0
Etravirine,L-proline,1,0
Etravirine,L-lysine,1,0
Etravirine,L-ascorbic_acid,1,0
Etravirine,stearic_acid,1,0
Etravirine,(R)-(+)-Limonene,1,0
Etravirine,meglumine,1,0
Etravirine,hydrochlorothiazide,1,0
Etravirine,ketoprofen,1,0
Etravirine,memantine_hydrochloride,1,0
Etravirine,naproxen_sodium,1,0
Etravirine,D-sorbitol,1,0
Etravirine,tannic_acid,1,0
Etravirine,rhodamine_B,1,0
Etravirine,moxifloxacin,1,0
Etravirine,ciprofloxacin,1,0
Etravirine,certirizine,1,0
Etravirine,budesonide,1,1
Etravirine,etidronic_acid,1,0
Etravirine,emtricitabine,1,0
Etravirine,metoprolol(+)-tartrate,1,0
Etravirine,phenytoin,1,0
Etravirine,propranolol_hydrochloride,1,0
Etravirine,captan,1,0
Etravirine,neotame,1,0
Etravirine,alendronate_sodium,1,0
Etravirine,piroxicam,1,0
Etravirine,desipramine_hydrochloride,1,0
Etravirine,nadolol,1,0
Etravirine,omeprazole,1,0
Etravirine,labetalol_hydrochloride,1,0
Etravirine,prednisone,1,0
Etravirine,risperidone,1,0
Etravirine,fluconazole,1,0
Etravirine,methotrexate_hydrate,1,0
Etravirine,tenofovir_alafenamide,1,0
Etravirine,carbamazepine,1,1
Clofazimine,caffeine,1,0
Clofazimine,succinic_acid,1,0
Clofazimine,octyl_gallate,1,0
Clofazimine,DL-malic_acid,1,0
Clofazimine,adipic_acid,1,0
Clofazimine,Triazabicyclodecene,1,0
Clofazimine,DBU,1,0
Clofazimine,L-asparagine,1,0
Clofazimine,theobromine,1,0
Clofazimine,"3,3'-thiodipropionic_acid",1,0
Clofazimine,theophylline,1,0
Clofazimine,borneol,1,0
Clofazimine,cinnamaldehyde,1,0
Clofazimine,aspartame,1,0
Clofazimine,squalene,1,0
Clofazimine,benzaldehyde,1,0
Clofazimine,sodium_deoxycholate,1,0
Clofazimine,cholic_acid,1,0
Clofazimine,glycocholic_acid,1,0
Clofazimine,sucrose_octaacetate,1,0
Clofazimine,trans_anethole,1,0
Clofazimine,indomethacin,1,1
Clofazimine,terpinyl_butyrate,1,0
Clofazimine,hydrocortisone,1,0
Clofazimine,candesartan_cilexetil,1,1
Clofazimine,neohesperidin_DC,1,0
Clofazimine,ursodiol,1,0
Clofazimine,diclofenac,1,0
Clofazimine,eucalyptol,1,0
Clofazimine,beta_carotene,1,0
Clofazimine,menthol,1,0
Clofazimine,alpha-terpineol,1,0
Clofazimine,fenchyl_alcohol,1,0
Clofazimine,biotin,1,0
Clofazimine,xylitol,1,0
Clofazimine,trans-cinnamic_acid,1,0
Clofazimine,thimerosal,1,0
Clofazimine,tyramine,1,0
Clofazimine,fumaric_acid,1,0
Clofazimine,congo_red,1,0
Clofazimine,vanillin,1,0
Clofazimine,saccharin,1,0
Clofazimine,allantoin,1,0
Clofazimine,vitamin_A_palmitate,1,0
Clofazimine,acetylcholine_chloride,1,0
Clofazimine,dibutyl_phthalate,1,0
Clofazimine,trometamol,1,0
Clofazimine,benzoyl_peroxide,1,0
Clofazimine,triethyl_citrate,1,0
Clofazimine,triacetin,1,0
Clofazimine,glycerol,1,0
Clofazimine,propylene_glycol,1,0
Clofazimine,mebendazole,1,1
Clofazimine,L-proline,1,0
Clofazimine,L-lysine,1,0
Clofazimine,L-ascorbic_acid,1,0
Clofazimine,stearic_acid,1,0
Clofazimine,(R)-(+)-Limonene,1,0
Clofazimine,meglumine,1,0
Clofazimine,hydrochlorothiazide,1,0
Clofazimine,ketoprofen,1,0
Clofazimine,memantine_hydrochloride,1,0
Clofazimine,naproxen_sodium,1,0
Clofazimine,D-sorbitol,1,0
Clofazimine,tannic_acid,1,0
Clofazimine,rhodamine_B,1,0
Clofazimine,moxifloxacin,1,0
Clofazimine,ciprofloxacin,1,0
Clofazimine,certirizine,1,0
Clofazimine,budesonide,1,0
Clofazimine,etidronic_acid,1,0
Clofazimine,emtricitabine,1,0
Clofazimine,metoprolol(+)-tartrate,1,0
Clofazimine,phenytoin,1,0
Clofazimine,propranolol_hydrochloride,1,0
Clofazimine,captan,1,0
Clofazimine,neotame,1,0
Clofazimine,alendronate_sodium,1,0
Clofazimine,piroxicam,1,0
Clofazimine,desipramine_hydrochloride,1,0
Clofazimine,nadolol,1,0
Clofazimine,omeprazole,1,0
Clofazimine,labetalol_hydrochloride,1,0
Clofazimine,prednisone,1,0
Clofazimine,risperidone,1,0
Clofazimine,fluconazole,1,0
Clofazimine,methotrexate_hydrate,1,0
Clofazimine,tenofovir_alafenamide,1,0
Clofazimine,carbamazepine,1,0
Pranlukast,caffeine,1,0
Pranlukast,succinic_acid,1,0
Pranlukast,octyl_gallate,1,0
Pranlukast,DL-malic_acid,1,0
Pranlukast,adipic_acid,1,0
Pranlukast,Triazabicyclodecene,1,0
Pranlukast,DBU,1,0
Pranlukast,L-asparagine,1,0
Pranlukast,theobromine,1,0
Pranlukast,"3,3'-thiodipropionic_acid",1,0
Pranlukast,theophylline,1,0
Pranlukast,borneol,1,0
Pranlukast,cinnamaldehyde,1,0
Pranlukast,aspartame,1,0
Pranlukast,squalene,1,0
Pranlukast,benzaldehyde,1,0
Pranlukast,sodium_deoxycholate,1,0
Pranlukast,cholic_acid,1,0
Pranlukast,glycocholic_acid,1,0
Pranlukast,sucrose_octaacetate,1,0
Pranlukast,trans_anethole,1,0
Pranlukast,indomethacin,1,0
Pranlukast,terpinyl_butyrate,1,0
Pranlukast,hydrocortisone,1,0
Pranlukast,candesartan_cilexetil,1,0
Pranlukast,neohesperidin_DC,1,0
Pranlukast,ursodiol,1,0
Pranlukast,diclofenac,1,0
Pranlukast,eucalyptol,1,0
Pranlukast,beta_carotene,1,0
Pranlukast,menthol,1,0
Pranlukast,alpha-terpineol,1,0
Pranlukast,fenchyl_alcohol,1,0
Pranlukast,biotin,1,0
Pranlukast,xylitol,1,0
Pranlukast,trans-cinnamic_acid,1,0
Pranlukast,thimerosal,1,0
Pranlukast,tyramine,1,0
Pranlukast,fumaric_acid,1,0
Pranlukast,congo_red,1,0
Pranlukast,vanillin,1,0
Pranlukast,saccharin,1,0
Pranlukast,allantoin,1,0
Pranlukast,vitamin_A_palmitate,1,0
Pranlukast,acetylcholine_chloride,1,0
Pranlukast,dibutyl_phthalate,1,0
Pranlukast,trometamol,1,0
Pranlukast,benzoyl_peroxide,1,0
Pranlukast,triethyl_citrate,1,0
Pranlukast,triacetin,1,0
Pranlukast,glycerol,1,0
Pranlukast,propylene_glycol,1,0
Pranlukast,mebendazole,1,0
Pranlukast,L-proline,1,0
Pranlukast,L-lysine,1,0
Pranlukast,L-ascorbic_acid,1,0
Pranlukast,stearic_acid,1,0
Pranlukast,(R)-(+)-Limonene,1,0
Pranlukast,meglumine,1,0
Pranlukast,hydrochlorothiazide,1,0
Pranlukast,ketoprofen,1,0
Pranlukast,memantine_hydrochloride,1,0
Pranlukast,naproxen_sodium,1,0
Pranlukast,D-sorbitol,1,0
Pranlukast,tannic_acid,1,0
Pranlukast,rhodamine_B,1,0
Pranlukast,moxifloxacin,1,0
Pranlukast,ciprofloxacin,1,0
Pranlukast,certirizine,1,0
Pranlukast,budesonide,1,0
Pranlukast,etidronic_acid,1,0
Pranlukast,emtricitabine,1,0
Pranlukast,metoprolol(+)-tartrate,1,0
Pranlukast,phenytoin,1,0
Pranlukast,propranolol_hydrochloride,1,0
Pranlukast,captan,1,0
Pranlukast,neotame,1,0
Pranlukast,alendronate_sodium,1,0
Pranlukast,piroxicam,1,0
Pranlukast,desipramine_hydrochloride,1,0
Pranlukast,nadolol,1,0
Pranlukast,omeprazole,1,0
Pranlukast,labetalol_hydrochloride,1,0
Pranlukast,prednisone,1,0
Pranlukast,risperidone,1,0
Pranlukast,fluconazole,1,0
Pranlukast,methotrexate_hydrate,1,0
Pranlukast,tenofovir_alafenamide,1,0
Pranlukast,carbamazepine,1,0
Erlotinib,IR783,1,0
Camptothecin,IR783,1,0
Sunitinib,IR783,1,0
Idelalisib,IR783,1,0
Taselisib,IR783,1,0
Selumetinib,IR783,1,0
Silvestrol,IR783,1,0
Lapatinib,IR783,1,0
Venetoclax,IR783,1,1
Docetaxel,IR783,1,1
Rapamycin,IR783,1,1
Taxol,IR783,1,1
Trametinib,IR783,1,1
Sorafenib,IR783,1,1
Enzalutamide,IR783,1,1
Fulvestrant,IR783,1,1
Avagacestat,IR783,1,1
Dutasteride,IR783,1,1
Regorafenib,IR783,1,1
RO4929097,IR783,1,1
TAK-632,IR783,1,1
Celecoxib,IR783,1,1
Dabrafenib,IR783,1,1
Valrubicin,IR783,1,1
Pluripotin,IR783,1,1
Nilotinib,IR783,1,1
Vemurafenib,IR783,1,1
Everolimus,IR783,1,1
Tanespimycin,IR783,1,1
BMS-777607,IR783,1,1
Glimepiride,IR783,1,1
Tacrolimus,IR783,1,1
ABT737,IR783,1,1
Glibenclamide,IR783,1,1
Avasimibe,IR783,1,1
Forskolin,IR783,1,0
Talazoparib,IR783,1,0
Ipatasertib,IR783,1,0
Luminespib,IR783,1,0
Apitolisib,IR783,1,0
Binimetinib,IR783,1,0
Pazopanib,IR783,1,0
Dactolisib,IR783,1,0
ZSTK474,IR783,1,0
MGCD-265,IR783,1,0
Valdecoxib,IR783,1,0
Panobinostat,IR783,1,0
Gefitinib,IR783,1,0
INK128,IR783,1,0
AZD-4547,IR783,1,0
Voxtalisib,IR783,1,0
Verapamil,IR783,1,0
Terbinafine,IR783,1,0
Ospemifene,IR783,1,0
Bithionol,IR783,1,0
Probucol,IR783,1,0
Cholesterol,IR783,1,0
Mubritinib,IR783,1,0
Pyrene,IR783,1,0
Tetraphenylethylene,IR783,1,0
Tazarotene,IR783,1,0
Cholecalciferol,IR783,1,0
Chlorotrianisene,congo_red,1,1
Iodophthalein,congo_red,1,1
Vemurafenib,congo_red,1,1
Chlorotrianisene,EvansBlue,1,1
Iodophthalein,EvansBlue,1,1
Vemurafenib,EvansBlue,1,1
Atovaquone,a tocopherol ,1,1
Nelfinavir,riboflavin,1,1
Danazol,tannic_acid,1,1
Celecoxib,indomethacin,1,1
Terbinafine,taurocholic acid,1,1